FundingDecisionId2,GeographicAreaId1,GeographicAreaCode_ISO21,GeographicAreaCode_ISO22,GeographicAreaCode_ISO31,GeographicAreaName1,GeographicAreaLevelName1,ComponentId1,ComponentName1,PeriodFrom,PeriodTo,Currency,AllocatedAmount,ProgramSplitAmount,ProgramSplitStatus,AllocationUtilizationPeriodStartDate,AllocationUtilizationPeriodEndDate
4d27948f-5925-4fbe-b810-390da14a3256,16aeb894-1042-4a7a-9757-016e29cbdf8f,NI,NI,NIC,Nicaragua,Country,6077f91a-b3fa-4307-946b-03935bab4bb0,Malaria,2017,2019,US$,6435536.00,6435536.00,Agreed,1/1/2019 12:00:00 AM,12/31/2021 12:00:00 AM
da0c9beb-03f9-4be8-8691-5f5b227b0bbe,16aeb894-1042-4a7a-9757-016e29cbdf8f,NI,NI,NIC,Nicaragua,Country,7a7e3f22-e4d1-4f2a-b6a4-9f1b794429c3,Tuberculosis,2017,2019,US$,4129716.00,4129716.00,Agreed,1/1/2019 12:00:00 AM,12/31/2021 12:00:00 AM
27e80381-42d5-4502-a098-ac5a0b805197,16aeb894-1042-4a7a-9757-016e29cbdf8f,NI,NI,NIC,Nicaragua,Country,d6adb260-7f63-4a94-8b4e-58b933baf76c,HIV/AIDS,2017,2019,US$,8429981.00,8429981.00,Agreed,1/1/2018 12:00:00 AM,12/31/2020 12:00:00 AM
a56d04eb-0d7c-4d41-831b-2b02fc0f3c0d,265a29e3-6d91-4488-8f21-05dbf5040837,KG,KG,KGZ,Kyrgyzstan,Country,d6adb260-7f63-4a94-8b4e-58b933baf76c,HIV/AIDS,2017,2019,US$,11266362.00,11266362.00,Agreed,1/1/2018 12:00:00 AM,12/31/2020 12:00:00 AM
70ec527f-ab81-4a65-b97f-534ab55d3e64,265a29e3-6d91-4488-8f21-05dbf5040837,KG,KG,KGZ,Kyrgyzstan,Country,7a7e3f22-e4d1-4f2a-b6a4-9f1b794429c3,Tuberculosis,2017,2019,US$,12203652.00,12203652.00,Agreed,1/1/2018 12:00:00 AM,12/31/2020 12:00:00 AM
3230d6b2-9e31-4e69-8006-21f0fc96e81c,90fb7820-b2f0-4401-bc77-067270585a9b,VN,VN,VNM,Viet Nam,Country,d6adb260-7f63-4a94-8b4e-58b933baf76c,HIV/AIDS,2017,2019,US$,56638006.00,56638006.00,Agreed,1/1/2018 12:00:00 AM,12/31/2020 12:00:00 AM
05a906de-3488-4221-b643-65c00063b754,90fb7820-b2f0-4401-bc77-067270585a9b,VN,VN,VNM,Viet Nam,Country,7a7e3f22-e4d1-4f2a-b6a4-9f1b794429c3,Tuberculosis,2017,2019,US$,47281094.00,47281094.00,Agreed,1/1/2018 12:00:00 AM,12/31/2020 12:00:00 AM
ac6bedc4-ac3a-4fd8-a8b1-51aa7053e54c,430b8acd-ef36-4ef1-8231-0e730499d19a,NG,NG,NGA,Nigeria,Country,7a7e3f22-e4d1-4f2a-b6a4-9f1b794429c3,Tuberculosis,2017,2019,US$,107495151.00,92241428.34,Agreed,1/1/2018 12:00:00 AM,12/31/2020 12:00:00 AM
6014d488-53d2-4fec-951b-783cde096cf0,430b8acd-ef36-4ef1-8231-0e730499d19a,NG,NG,NGA,Nigeria,Country,6077f91a-b3fa-4307-946b-03935bab4bb0,Malaria,2017,2019,US$,313409111.00,286820856.00,Agreed,1/1/2018 12:00:00 AM,12/31/2020 12:00:00 AM
5b788162-76d8-4736-836a-eb916aec2ca9,430b8acd-ef36-4ef1-8231-0e730499d19a,NG,NG,NGA,Nigeria,Country,d6adb260-7f63-4a94-8b4e-58b933baf76c,HIV/AIDS,2017,2019,US$,239781871.00,281623849.00,Agreed,1/1/2018 12:00:00 AM,12/31/2020 12:00:00 AM
859e3d49-ee60-4833-a200-39e5d0a2d725,ed3fb9ed-a462-4743-b6d3-12b20f363974,CI,CI,CIV,Côte d'Ivoire,Country,d6adb260-7f63-4a94-8b4e-58b933baf76c,HIV/AIDS,2017,2019,US$,74113356.53,66042412.00,Agreed,1/1/2018 12:00:00 AM,12/31/2020 12:00:00 AM
abd5b2c5-cb50-4559-b2e6-9ab4d45f2bea,ed3fb9ed-a462-4743-b6d3-12b20f363974,CI,CI,CIV,Côte d'Ivoire,Country,7a7e3f22-e4d1-4f2a-b6a4-9f1b794429c3,Tuberculosis,2017,2019,US$,13921204.13,12405185.00,Agreed,1/1/2018 12:00:00 AM,12/31/2020 12:00:00 AM
f85186a3-0368-4f65-b83f-d65edf304129,ed3fb9ed-a462-4743-b6d3-12b20f363974,CI,CI,CIV,Côte d'Ivoire,Country,6077f91a-b3fa-4307-946b-03935bab4bb0,Malaria,2017,2019,US$,124696571.65,111117115.00,Agreed,1/1/2018 12:00:00 AM,12/31/2020 12:00:00 AM
9e8f59d8-ea13-48f1-9ddf-2666d1764469,6a5d3eb0-0d70-4b68-a767-12ce2b302bbd,PE,PE,PER,Peru,Country,7a7e3f22-e4d1-4f2a-b6a4-9f1b794429c3,Tuberculosis,2017,2019,US$,7199291.00,7199291.00,Original,7/1/2019 12:00:00 AM,6/30/2022 12:00:00 AM
809e47cd-c6a6-4b9a-861e-c9c0d04ce060,6a5d3eb0-0d70-4b68-a767-12ce2b302bbd,PE,PE,PER,Peru,Country,d6adb260-7f63-4a94-8b4e-58b933baf76c,HIV/AIDS,2017,2019,US$,6264586.00,6264586.00,Original,7/1/2019 12:00:00 AM,6/30/2022 12:00:00 AM
8b658d6b-fc8b-4004-96fa-31056e7799dd,7b433a8d-92ac-4557-beab-13ceee659690,PH,PH,PHL,Philippines,Country,6077f91a-b3fa-4307-946b-03935bab4bb0,Malaria,2017,2019,US$,10662817.00,10662817.00,Agreed,1/1/2018 12:00:00 AM,12/31/2020 12:00:00 AM
593684fc-3417-4f72-ad6d-8df1b29cd76d,7b433a8d-92ac-4557-beab-13ceee659690,PH,PH,PHL,Philippines,Country,d6adb260-7f63-4a94-8b4e-58b933baf76c,HIV/AIDS,2017,2019,US$,8483242.00,8483242.00,Agreed,1/1/2018 12:00:00 AM,12/31/2020 12:00:00 AM
21e0ef11-b35c-4d66-9379-f721e9250142,7b433a8d-92ac-4557-beab-13ceee659690,PH,PH,PHL,Philippines,Country,7a7e3f22-e4d1-4f2a-b6a4-9f1b794429c3,Tuberculosis,2017,2019,US$,78543887.00,78543887.00,Agreed,1/1/2018 12:00:00 AM,12/31/2020 12:00:00 AM
be692e8c-bf6e-455f-a2a2-62dbc580b8c0,8a024a2f-4b31-4382-8c1e-1402ec2bff24,TG,TG,TGO,Togo,Country,d6adb260-7f63-4a94-8b4e-58b933baf76c,HIV/AIDS,2017,2019,US$,30858946.25,27498407.00,Agreed,1/1/2018 12:00:00 AM,12/31/2020 12:00:00 AM
173c02a2-7346-4e2e-abb7-b7275a888977,8a024a2f-4b31-4382-8c1e-1402ec2bff24,TG,TG,TGO,Togo,Country,7a7e3f22-e4d1-4f2a-b6a4-9f1b794429c3,Tuberculosis,2017,2019,US$,1839748.63,1639400.00,Agreed,1/1/2018 12:00:00 AM,12/31/2020 12:00:00 AM
13d5ede3-300a-43c5-abb7-fb5b29750269,8a024a2f-4b31-4382-8c1e-1402ec2bff24,TG,TG,TGO,Togo,Country,6077f91a-b3fa-4307-946b-03935bab4bb0,Malaria,2017,2019,US$,31939622.94,28461398.00,Agreed,1/1/2018 12:00:00 AM,12/31/2020 12:00:00 AM
841b44b8-978a-40b5-b59f-6bf8e73833d9,8f5db665-828c-4560-b959-155d0e156a30,BY,BY,BLR,Belarus,Country,d6adb260-7f63-4a94-8b4e-58b933baf76c,HIV/AIDS,2017,2019,US$,7862511.00,7862511.00,Original,1/1/2019 12:00:00 AM,12/31/2021 12:00:00 AM
a52aa375-2d97-45ef-97ae-9ea479c44a03,8f5db665-828c-4560-b959-155d0e156a30,BY,BY,BLR,Belarus,Country,7a7e3f22-e4d1-4f2a-b6a4-9f1b794429c3,Tuberculosis,2017,2019,US$,7977941.00,7977941.00,Original,1/1/2019 12:00:00 AM,12/31/2021 12:00:00 AM
87bd09ea-d951-4a16-bf54-156fe18dbaf8,a37a1d83-5b1b-4b7f-af9f-1808fdffd792,GN,GN,GIN,Guinea,Country,d6adb260-7f63-4a94-8b4e-58b933baf76c,HIV/AIDS,2017,2019,US$,40598457.00,39998457.00,Agreed,1/1/2018 12:00:00 AM,12/31/2020 12:00:00 AM
f75ffd13-e569-484b-9ecd-4fbc0365dfab,a37a1d83-5b1b-4b7f-af9f-1808fdffd792,GN,GN,GIN,Guinea,Country,7a7e3f22-e4d1-4f2a-b6a4-9f1b794429c3,Tuberculosis,2017,2019,US$,6750605.00,8350605.00,Agreed,1/1/2018 12:00:00 AM,12/31/2020 12:00:00 AM
da20424f-3d2c-48a9-b03b-f0578df3df5e,a37a1d83-5b1b-4b7f-af9f-1808fdffd792,GN,GN,GIN,Guinea,Country,6077f91a-b3fa-4307-946b-03935bab4bb0,Malaria,2017,2019,US$,56663302.00,55663302.00,Agreed,1/1/2018 12:00:00 AM,12/31/2020 12:00:00 AM
7471e554-2eb5-4fad-9142-67495ef42921,8f384746-ca2a-4520-98b5-181529b697a4,MA,MA,MAR,Morocco,Country,d6adb260-7f63-4a94-8b4e-58b933baf76c,HIV/AIDS,2017,2019,US$,13282254.52,11835817.00,Agreed,1/1/2018 12:00:00 AM,12/31/2020 12:00:00 AM
6f5a185e-5444-451e-b4c8-9124839dd4c3,8f384746-ca2a-4520-98b5-181529b697a4,MA,MA,MAR,Morocco,Country,7a7e3f22-e4d1-4f2a-b6a4-9f1b794429c3,Tuberculosis,2017,2019,US$,2100000.00,1871310.00,Agreed,1/1/2018 12:00:00 AM,12/31/2020 12:00:00 AM
c303bf0c-a3ea-4eae-8736-c7516f743e32,57e3816a-7b6f-400d-9621-1c82042a7765,DO,DO,DOM,Dominican Republic,Country,7a7e3f22-e4d1-4f2a-b6a4-9f1b794429c3,Tuberculosis,2017,2019,US$,4493840.00,4493840.00,Original,1/1/2019 12:00:00 AM,12/31/2021 12:00:00 AM
d65b0338-71f1-49c2-868d-cd46c1e677d9,57e3816a-7b6f-400d-9621-1c82042a7765,DO,DO,DOM,Dominican Republic,Country,d6adb260-7f63-4a94-8b4e-58b933baf76c,HIV/AIDS,2017,2019,US$,15994956.00,15994956.00,Original,1/1/2019 12:00:00 AM,12/31/2021 12:00:00 AM
2a085799-ca31-4958-b5e8-77dd581efb56,d619f707-e72b-429a-9050-1ee690e285d8,BT,BT,BTN,Bhutan,Country,6077f91a-b3fa-4307-946b-03935bab4bb0,Malaria,2017,2019,US$,1432470.00,1432470.00,Agreed,7/1/2018 12:00:00 AM,6/30/2021 12:00:00 AM
4c80b4d4-36f3-4d7d-87dc-84505d063f68,d619f707-e72b-429a-9050-1ee690e285d8,BT,BT,BTN,Bhutan,Country,7a7e3f22-e4d1-4f2a-b6a4-9f1b794429c3,Tuberculosis,2017,2019,US$,1074146.00,1074146.00,Agreed,7/1/2018 12:00:00 AM,6/30/2021 12:00:00 AM
7a36723c-149f-4f68-903f-d2b16e63b993,d619f707-e72b-429a-9050-1ee690e285d8,BT,BT,BTN,Bhutan,Country,d6adb260-7f63-4a94-8b4e-58b933baf76c,HIV/AIDS,2017,2019,US$,1081903.00,1081903.00,Agreed,7/1/2018 12:00:00 AM,6/30/2021 12:00:00 AM
ca395807-37d7-4cec-8539-6644ebb42669,b0d51ce8-9bac-4575-9e9b-1f20091bebcf,MR,MR,MRT,Mauritania,Country,6077f91a-b3fa-4307-946b-03935bab4bb0,Malaria,2017,2019,US$,8616815.00,8616815.00,Original,1/1/2019 12:00:00 AM,12/31/2021 12:00:00 AM
2dc7f4aa-9569-4bcf-bfb6-c65722331b90,b0d51ce8-9bac-4575-9e9b-1f20091bebcf,MR,MR,MRT,Mauritania,Country,d6adb260-7f63-4a94-8b4e-58b933baf76c,HIV/AIDS,2017,2019,US$,5760741.00,5760741.00,Original,1/1/2019 12:00:00 AM,12/31/2021 12:00:00 AM
b0a968d3-d121-4bab-9958-cac23e14701a,b0d51ce8-9bac-4575-9e9b-1f20091bebcf,MR,MR,MRT,Mauritania,Country,7a7e3f22-e4d1-4f2a-b6a4-9f1b794429c3,Tuberculosis,2017,2019,US$,1972385.00,1972385.00,Original,1/1/2019 12:00:00 AM,12/31/2021 12:00:00 AM
50ab5200-3cfa-43d8-9a63-4faf72d82c75,17d8b5fa-52ad-4016-aa50-212f20d69a89,CV,CV,CPV,Cape Verde,Country,d6adb260-7f63-4a94-8b4e-58b933baf76c,HIV/AIDS,2017,2019,US$,2544393.45,2616473.00,Agreed,1/1/2018 12:00:00 AM,12/31/2020 12:00:00 AM
c8e65520-c1a2-4cd3-95ed-8c971b236ee7,17d8b5fa-52ad-4016-aa50-212f20d69a89,CV,CV,CPV,Cape Verde,Country,6077f91a-b3fa-4307-946b-03935bab4bb0,Malaria,2017,2019,US$,1000000.00,627021.00,Agreed,1/1/2018 12:00:00 AM,12/31/2020 12:00:00 AM
09abf3ea-982a-4524-9bdb-bedc9a6bc999,17d8b5fa-52ad-4016-aa50-212f20d69a89,CV,CV,CPV,Cape Verde,Country,7a7e3f22-e4d1-4f2a-b6a4-9f1b794429c3,Tuberculosis,2017,2019,US$,500000.00,360465.00,Agreed,1/1/2018 12:00:00 AM,12/31/2020 12:00:00 AM
fe9e2586-a144-477a-8773-0746a92c85a6,9d297717-49cc-4938-9a53-24856950bd74,CO,CO,COL,Colombia,Country,d6adb260-7f63-4a94-8b4e-58b933baf76c,HIV/AIDS,2017,2019,US$,10014581.00,10014581.00,Original,11/1/2019 12:00:00 AM,10/31/2022 12:00:00 AM
ad68f9bd-be12-489c-a9ba-0c857afdaf62,b47fa8ac-e827-469f-8bc0-2b0250577e9a,GA,GA,GAB,Gabon,Country,7a7e3f22-e4d1-4f2a-b6a4-9f1b794429c3,Tuberculosis,2017,2019,US$,1400000.00,1247540.00,Original,1/1/2019 12:00:00 AM,12/31/2021 12:00:00 AM
2ff07c8f-b556-41c4-88fb-2d86b915cca1,31cfcff9-d8a9-471b-a939-2b027cdf3f12,LA,LA,LAO,Lao (Peoples Democratic Republic),Country,d6adb260-7f63-4a94-8b4e-58b933baf76c,HIV/AIDS,2017,2019,US$,7374096.00,6931650.24,Agreed,1/1/2018 12:00:00 AM,12/31/2020 12:00:00 AM
f409a4a6-8f06-4ecf-bf70-37c67e2de2b1,31cfcff9-d8a9-471b-a939-2b027cdf3f12,LA,LA,LAO,Lao (Peoples Democratic Republic),Country,7a7e3f22-e4d1-4f2a-b6a4-9f1b794429c3,Tuberculosis,2017,2019,US$,7393149.00,7835594.76,Agreed,1/1/2018 12:00:00 AM,12/31/2020 12:00:00 AM
bb3d1f79-4116-467e-bbe4-57de845c016c,01ae2dc3-49f1-48b7-b9fb-2be348d15051,LS,LS,LSO,Lesotho,Country,7a7e3f22-e4d1-4f2a-b6a4-9f1b794429c3,Tuberculosis,2017,2019,US$,6934422.00,6934422.00,Agreed,7/1/2018 12:00:00 AM,6/30/2021 12:00:00 AM
914835aa-2f33-4328-b853-d5234648c3e0,01ae2dc3-49f1-48b7-b9fb-2be348d15051,LS,LS,LSO,Lesotho,Country,d6adb260-7f63-4a94-8b4e-58b933baf76c,HIV/AIDS,2017,2019,US$,59413092.00,59413092.00,Agreed,7/1/2018 12:00:00 AM,6/30/2021 12:00:00 AM
d7ca7283-955e-414e-985b-3b0eef9d7517,147e4a28-28b8-4a6d-91d2-2c17c312dfeb,ZW,ZW,ZWE,Zimbabwe,Country,6077f91a-b3fa-4307-946b-03935bab4bb0,Malaria,2017,2019,US$,53685777.00,51685777.00,Agreed,1/1/2018 12:00:00 AM,12/31/2020 12:00:00 AM
304ae8d0-6b29-4bce-a17e-a2dd70e6d83b,147e4a28-28b8-4a6d-91d2-2c17c312dfeb,ZW,ZW,ZWE,Zimbabwe,Country,d6adb260-7f63-4a94-8b4e-58b933baf76c,HIV/AIDS,2017,2019,US$,406518928.00,408518928.00,Agreed,1/1/2018 12:00:00 AM,12/31/2020 12:00:00 AM
2da8bd6e-a6fb-4d4f-a4cd-dba28c7554de,147e4a28-28b8-4a6d-91d2-2c17c312dfeb,ZW,ZW,ZWE,Zimbabwe,Country,7a7e3f22-e4d1-4f2a-b6a4-9f1b794429c3,Tuberculosis,2017,2019,US$,23775807.00,23775807.00,Agreed,1/1/2018 12:00:00 AM,12/31/2020 12:00:00 AM
69ae89ba-f8a6-41cf-8209-2c3613181fa5,2ebb6460-e75b-422d-8f75-2ed9f241f5d5,LR,LR,LBR,Liberia,Country,d6adb260-7f63-4a94-8b4e-58b933baf76c,HIV/AIDS,2017,2019,US$,24833450.00,24833450.00,Agreed,1/1/2018 12:00:00 AM,12/31/2020 12:00:00 AM
ebaedcb0-83bb-4cdb-b467-4a94d0f09f4e,2ebb6460-e75b-422d-8f75-2ed9f241f5d5,LR,LR,LBR,Liberia,Country,6077f91a-b3fa-4307-946b-03935bab4bb0,Malaria,2017,2019,US$,36268149.00,36268149.00,Agreed,7/1/2018 12:00:00 AM,6/30/2021 12:00:00 AM
d8d4d799-de32-4e84-a2df-b4742266a29d,2ebb6460-e75b-422d-8f75-2ed9f241f5d5,LR,LR,LBR,Liberia,Country,7a7e3f22-e4d1-4f2a-b6a4-9f1b794429c3,Tuberculosis,2017,2019,US$,4646649.00,4646649.00,Agreed,1/1/2018 12:00:00 AM,12/31/2020 12:00:00 AM
eefd84c3-138b-4e50-a77e-64c1566dc55a,83e03d72-bb83-49bc-90ae-311877ab74fe,GY,GY,GUY,Guyana,Country,7a7e3f22-e4d1-4f2a-b6a4-9f1b794429c3,Tuberculosis,2017,2019,US$,500000.00,500000.00,Agreed,4/1/2019 12:00:00 AM,3/31/2022 12:00:00 AM
965cb9a1-bafa-4188-9085-bc8efdf7f361,83e03d72-bb83-49bc-90ae-311877ab74fe,GY,GY,GUY,Guyana,Country,d6adb260-7f63-4a94-8b4e-58b933baf76c,HIV/AIDS,2017,2019,US$,3993335.00,4543335.00,Agreed,1/1/2018 12:00:00 AM,12/31/2020 12:00:00 AM
ddb3430c-0836-44f6-9754-f5ed27415f08,83e03d72-bb83-49bc-90ae-311877ab74fe,GY,GY,GUY,Guyana,Country,6077f91a-b3fa-4307-946b-03935bab4bb0,Malaria,2017,2019,US$,1612021.00,1062021.00,Agreed,1/1/2020 12:00:00 AM,12/31/2022 12:00:00 AM
f894ff37-a2f3-4865-8bea-0deda0ca2aa6,2afb8ffb-ea1a-42a0-b9a8-357ca8434d92,HT,HT,HTI,Haiti,Country,7a7e3f22-e4d1-4f2a-b6a4-9f1b794429c3,Tuberculosis,2017,2019,US$,17896075.00,17896075.00,Agreed,1/1/2018 12:00:00 AM,12/31/2020 12:00:00 AM
a145c7b5-7a60-4196-8335-19c04b156d71,2afb8ffb-ea1a-42a0-b9a8-357ca8434d92,HT,HT,HTI,Haiti,Country,6077f91a-b3fa-4307-946b-03935bab4bb0,Malaria,2017,2019,US$,21600000.00,21600000.00,Agreed,1/1/2018 12:00:00 AM,12/31/2020 12:00:00 AM
0ef61dd8-f346-4385-a2df-5feb961a1574,2afb8ffb-ea1a-42a0-b9a8-357ca8434d92,HT,HT,HTI,Haiti,Country,d6adb260-7f63-4a94-8b4e-58b933baf76c,HIV/AIDS,2017,2019,US$,66216854.00,66216854.00,Agreed,1/1/2018 12:00:00 AM,12/31/2020 12:00:00 AM
8698eda1-ef68-48e9-899f-00281eea8879,144a8761-d2be-4727-9546-371160bf093f,TJ,TJ,TJK,Tajikistan,Country,7a7e3f22-e4d1-4f2a-b6a4-9f1b794429c3,Tuberculosis,2017,2019,US$,9752657.00,9752657.00,Agreed,4/1/2018 12:00:00 AM,3/31/2021 12:00:00 AM
cc91f5be-d788-49f7-8585-11aac5c202c6,144a8761-d2be-4727-9546-371160bf093f,TJ,TJ,TJK,Tajikistan,Country,d6adb260-7f63-4a94-8b4e-58b933baf76c,HIV/AIDS,2017,2019,US$,12939544.00,12939544.00,Agreed,1/1/2018 12:00:00 AM,12/31/2020 12:00:00 AM
95b0b103-99d2-4768-bda2-4306dd3e5198,8fb62e59-521e-4728-9cb0-375a01e2dedb,MG,MG,MDG,Madagascar,Country,6077f91a-b3fa-4307-946b-03935bab4bb0,Malaria,2017,2019,US$,52000000.00,53827533.30,Agreed,7/1/2018 12:00:00 AM,6/30/2021 12:00:00 AM
f212d0f2-1b1f-4575-a5c6-b303ce7f3b29,8fb62e59-521e-4728-9cb0-375a01e2dedb,MG,MG,MDG,Madagascar,Country,d6adb260-7f63-4a94-8b4e-58b933baf76c,HIV/AIDS,2017,2019,US$,15485534.00,13937000.70,Agreed,1/1/2018 12:00:00 AM,12/31/2020 12:00:00 AM
9e0f6b04-8aec-43cc-bf5e-e33ff0ba6fc2,8fb62e59-521e-4728-9cb0-375a01e2dedb,MG,MG,MDG,Madagascar,Country,7a7e3f22-e4d1-4f2a-b6a4-9f1b794429c3,Tuberculosis,2017,2019,US$,9300000.00,9021000.00,Agreed,1/1/2018 12:00:00 AM,12/31/2020 12:00:00 AM
73820a5e-949b-4345-a9b3-920e621a981b,cee65577-bd1c-4508-9205-3972358d659f,KZ,KZ,KAZ,Kazakhstan,Country,7a7e3f22-e4d1-4f2a-b6a4-9f1b794429c3,Tuberculosis,2017,2019,US$,9840440.00,8054663.00,Agreed,1/1/2020 12:00:00 AM,12/31/2022 12:00:00 AM
66aafcfc-0ea5-4202-ae2f-d53095506655,cee65577-bd1c-4508-9205-3972358d659f,KZ,KZ,KAZ,Kazakhstan,Country,d6adb260-7f63-4a94-8b4e-58b933baf76c,HIV/AIDS,2017,2019,US$,2714223.00,4500000.00,Agreed,1/1/2018 12:00:00 AM,12/31/2020 12:00:00 AM
972521d4-b1c9-46b1-b878-876dda8836e6,1a056eb8-2c2d-4a5a-8263-3c0b24d1b44c,PK,PK,PAK,Pakistan,Country,d6adb260-7f63-4a94-8b4e-58b933baf76c,HIV/AIDS,2017,2019,US$,34956107.00,34956107.00,Agreed,1/1/2018 12:00:00 AM,12/31/2020 12:00:00 AM
d047702b-79a8-4a84-ac0a-8fdfd8f14aed,1a056eb8-2c2d-4a5a-8263-3c0b24d1b44c,PK,PK,PAK,Pakistan,Country,7a7e3f22-e4d1-4f2a-b6a4-9f1b794429c3,Tuberculosis,2017,2019,US$,130163215.00,130163215.00,Agreed,1/1/2018 12:00:00 AM,12/31/2020 12:00:00 AM
c676a7ff-d6cf-4091-95ef-fe3681fd7f02,1a056eb8-2c2d-4a5a-8263-3c0b24d1b44c,PK,PK,PAK,Pakistan,Country,6077f91a-b3fa-4307-946b-03935bab4bb0,Malaria,2017,2019,US$,39232878.00,39232878.00,Agreed,1/1/2018 12:00:00 AM,12/31/2020 12:00:00 AM
02569180-c52b-47d8-a169-0d56de7a5b8d,8821256b-ea63-4407-adbf-3ddf43878055,CD,CD,COD,Congo (Democratic Republic),Country,d6adb260-7f63-4a94-8b4e-58b933baf76c,HIV/AIDS,2017,2019,US$,122678456.00,122678456.00,Agreed,1/1/2018 12:00:00 AM,12/31/2020 12:00:00 AM
246f860e-a392-4c69-9209-66950897c3f8,8821256b-ea63-4407-adbf-3ddf43878055,CD,CD,COD,Congo (Democratic Republic),Country,7a7e3f22-e4d1-4f2a-b6a4-9f1b794429c3,Tuberculosis,2017,2019,US$,56656946.00,56656946.00,Agreed,1/1/2018 12:00:00 AM,12/31/2020 12:00:00 AM
39a6492f-e093-4879-b3bb-6ffefa6d8979,8821256b-ea63-4407-adbf-3ddf43878055,CD,CD,COD,Congo (Democratic Republic),Country,6077f91a-b3fa-4307-946b-03935bab4bb0,Malaria,2017,2019,US$,347651023.00,347651023.00,Agreed,1/1/2018 12:00:00 AM,12/31/2020 12:00:00 AM
5a755e3a-dd7f-4fdc-bdf2-16c1b576e09e,1095c077-a626-4f85-bd3f-42c01deceec8,AF,AF,AFG,Afghanistan,Country,6077f91a-b3fa-4307-946b-03935bab4bb0,Malaria,2017,2019,US$,27112391.00,20804866.00,Agreed,1/1/2018 12:00:00 AM,12/31/2020 12:00:00 AM
66854a1f-74fd-44ed-b782-3d17c5bfb6d9,1095c077-a626-4f85-bd3f-42c01deceec8,AF,AF,AFG,Afghanistan,Country,d6adb260-7f63-4a94-8b4e-58b933baf76c,HIV/AIDS,2017,2019,US$,9109250.00,8861891.00,Agreed,1/1/2018 12:00:00 AM,12/31/2020 12:00:00 AM
1130fb8f-aa32-46c0-bd3c-b67544a33b17,1095c077-a626-4f85-bd3f-42c01deceec8,AF,AF,AFG,Afghanistan,Country,7a7e3f22-e4d1-4f2a-b6a4-9f1b794429c3,Tuberculosis,2017,2019,US$,14964754.00,21519638.00,Agreed,1/1/2018 12:00:00 AM,12/31/2020 12:00:00 AM
94d5289e-c6da-40db-977b-7a8d7254e024,3ca6b230-0a31-427f-9b06-449580920816,SB,SB,SLB,Solomon Islands,Country,6077f91a-b3fa-4307-946b-03935bab4bb0,Malaria,2017,2019,US$,4852890.00,4513187.00,Agreed,1/1/2018 12:00:00 AM,12/31/2020 12:00:00 AM
6e4a09d8-5286-467f-a124-9e2aed467b76,3ca6b230-0a31-427f-9b06-449580920816,SB,SB,SLB,Solomon Islands,Country,7a7e3f22-e4d1-4f2a-b6a4-9f1b794429c3,Tuberculosis,2017,2019,US$,1251604.00,1591307.00,Agreed,1/1/2018 12:00:00 AM,12/31/2020 12:00:00 AM
1a7f7122-4a4f-49fa-9734-0ea75ec3b98d,8acadd9d-dffc-412f-99f4-49ddcb30f64a,,,QNB,Zanzibar,Subnational,6077f91a-b3fa-4307-946b-03935bab4bb0,Malaria,2017,2019,US$,5134807.00,5134807.00,Agreed,1/1/2018 12:00:00 AM,12/31/2020 12:00:00 AM
31185a58-6a86-4748-bc02-2d7fd002e5ea,8acadd9d-dffc-412f-99f4-49ddcb30f64a,,,QNB,Zanzibar,Subnational,d6adb260-7f63-4a94-8b4e-58b933baf76c,HIV/AIDS,2017,2019,US$,3992509.00,3992509.00,Agreed,1/1/2018 12:00:00 AM,12/31/2020 12:00:00 AM
973fcc0c-b7ee-4080-8cef-c638371b08f5,8acadd9d-dffc-412f-99f4-49ddcb30f64a,,,QNB,Zanzibar,Subnational,7a7e3f22-e4d1-4f2a-b6a4-9f1b794429c3,Tuberculosis,2017,2019,US$,1866654.00,1866654.00,Agreed,1/1/2018 12:00:00 AM,12/31/2020 12:00:00 AM
69593c4d-05c3-4457-a467-01baf1fa53b5,c8c4ebf2-b6c7-4ac6-bbf6-4b2d161a3b12,DZ,DZ,DZA,Algeria,Country,d6adb260-7f63-4a94-8b4e-58b933baf76c,HIV/AIDS,2017,2019,US$,2312936.00,2312936.00,Original,1/1/2020 12:00:00 AM,12/31/2022 12:00:00 AM
689b5079-3851-4205-809d-68eabe8f13a7,1a011619-1610-46be-a1ac-4cbafe3e6a42,GE,GE,GEO,Georgia,Country,7a7e3f22-e4d1-4f2a-b6a4-9f1b794429c3,Tuberculosis,2017,2019,US$,7175076.00,7175076.00,Original,1/1/2020 12:00:00 AM,12/31/2022 12:00:00 AM
d6fecb95-f896-40d2-bb2d-aaa070819c39,1a011619-1610-46be-a1ac-4cbafe3e6a42,GE,GE,GEO,Georgia,Country,d6adb260-7f63-4a94-8b4e-58b933baf76c,HIV/AIDS,2017,2019,US$,8412986.00,8412986.00,Original,7/1/2019 12:00:00 AM,6/30/2022 12:00:00 AM
7ac7908f-faea-486b-9ef5-17f506c2dca9,b1fb9f3f-70c5-4cba-850c-5035b0868980,BJ,BJ,BEN,Benin,Country,7a7e3f22-e4d1-4f2a-b6a4-9f1b794429c3,Tuberculosis,2017,2019,US$,8300000.00,6286711.00,Agreed,1/1/2018 12:00:00 AM,12/31/2020 12:00:00 AM
b12326e9-15ca-44ad-bbb9-38d4b27e2dee,b1fb9f3f-70c5-4cba-850c-5035b0868980,BJ,BJ,BEN,Benin,Country,6077f91a-b3fa-4307-946b-03935bab4bb0,Malaria,2017,2019,US$,36949700.37,26976038.00,Agreed,1/1/2018 12:00:00 AM,12/31/2020 12:00:00 AM
97c6e688-289d-4559-b4db-778c2b908c6d,b1fb9f3f-70c5-4cba-850c-5035b0868980,BJ,BJ,BEN,Benin,Country,d6adb260-7f63-4a94-8b4e-58b933baf76c,HIV/AIDS,2017,2019,US$,29962377.96,23705512.00,Agreed,1/1/2018 12:00:00 AM,12/31/2020 12:00:00 AM
aa37e4d7-d2fe-4cd3-8cfa-9a66cab65316,b1fb9f3f-70c5-4cba-850c-5035b0868980,BJ,BJ,BEN,Benin,Country,bb43fbf2-5897-40c5-aa85-4a5edff13fa0,RSSH,2017,2019,US$,0.00,10053222.00,Agreed,,
70d1839c-36a9-40e7-b7de-6dd8ae2c4cb2,ef4cf219-ea30-4c9a-a2de-50e084257917,SO,SO,SOM,Somalia,Country,7a7e3f22-e4d1-4f2a-b6a4-9f1b794429c3,Tuberculosis,2017,2019,US$,22110931.00,22110931.00,Agreed,1/1/2018 12:00:00 AM,12/31/2020 12:00:00 AM
12e598b3-3e0c-4d2d-8e41-70606955a0b6,ef4cf219-ea30-4c9a-a2de-50e084257917,SO,SO,SOM,Somalia,Country,6077f91a-b3fa-4307-946b-03935bab4bb0,Malaria,2017,2019,US$,30337699.00,23575494.00,Agreed,1/1/2018 12:00:00 AM,12/31/2020 12:00:00 AM
531f68e9-e5c4-4e69-a177-8d8acbc5b450,ef4cf219-ea30-4c9a-a2de-50e084257917,SO,SO,SOM,Somalia,Country,d6adb260-7f63-4a94-8b4e-58b933baf76c,HIV/AIDS,2017,2019,US$,16004070.00,22766275.00,Agreed,1/1/2018 12:00:00 AM,12/31/2020 12:00:00 AM
be880605-0936-43a8-bc12-2addf1a79698,65cde444-a6b9-4286-bfb2-519fdfc91f81,SS,SS,SSD,South Sudan,Country,d6adb260-7f63-4a94-8b4e-58b933baf76c,HIV/AIDS,2017,2019,US$,29015250.00,32681295.00,Agreed,1/1/2018 12:00:00 AM,12/31/2020 12:00:00 AM
21bf0dbd-ae89-4b3a-863a-7e81235bfd43,65cde444-a6b9-4286-bfb2-519fdfc91f81,SS,SS,SSD,South Sudan,Country,7a7e3f22-e4d1-4f2a-b6a4-9f1b794429c3,Tuberculosis,2017,2019,US$,9000000.00,9000000.00,Agreed,1/1/2018 12:00:00 AM,12/31/2020 12:00:00 AM
12f5e2d1-2787-48c0-92d7-a6cb780b5af4,65cde444-a6b9-4286-bfb2-519fdfc91f81,SS,SS,SSD,South Sudan,Country,6077f91a-b3fa-4307-946b-03935bab4bb0,Malaria,2017,2019,US$,48666045.00,45000000.00,Agreed,1/1/2018 12:00:00 AM,12/31/2020 12:00:00 AM
ee1cf02d-3ea7-4797-a985-8379a3c966ef,d869de58-2087-4633-a77f-5334f16159f2,AZ,AZ,AZE,Azerbaijan,Country,d6adb260-7f63-4a94-8b4e-58b933baf76c,HIV/AIDS,2017,2019,US$,6068394.00,6068394.00,Agreed,7/1/2018 12:00:00 AM,6/30/2021 12:00:00 AM
3d35fbf6-e6e3-4dbb-9faf-f8341b2aa0f3,d869de58-2087-4633-a77f-5334f16159f2,AZ,AZ,AZE,Azerbaijan,Country,7a7e3f22-e4d1-4f2a-b6a4-9f1b794429c3,Tuberculosis,2017,2019,US$,6529446.00,6529446.00,Agreed,1/1/2018 12:00:00 AM,12/31/2020 12:00:00 AM
8446c08f-eac0-4575-ba2d-74b13fc918fc,ccd66728-2585-4e48-a529-591ccfb81152,MN,MN,MNG,Mongolia,Country,7a7e3f22-e4d1-4f2a-b6a4-9f1b794429c3,Tuberculosis,2017,2019,US$,7224359.00,7224359.00,Agreed,1/1/2018 12:00:00 AM,12/31/2020 12:00:00 AM
0efa8ff2-2447-4294-ace7-b92a42c1a32f,ccd66728-2585-4e48-a529-591ccfb81152,MN,MN,MNG,Mongolia,Country,d6adb260-7f63-4a94-8b4e-58b933baf76c,HIV/AIDS,2017,2019,US$,3044708.00,3044708.00,Agreed,1/1/2018 12:00:00 AM,12/31/2020 12:00:00 AM
56d73bda-def2-4361-a8fc-234827ce99e3,422a9c0c-7b21-48fa-b37c-61a1ada27bd1,MZ,MZ,MOZ,Mozambique,Country,d6adb260-7f63-4a94-8b4e-58b933baf76c,HIV/AIDS,2017,2019,US$,289889134.00,289889134.00,Agreed,1/1/2018 12:00:00 AM,12/31/2020 12:00:00 AM
ec9dfbf2-020d-45c5-9820-7c022a3e4fdc,422a9c0c-7b21-48fa-b37c-61a1ada27bd1,MZ,MZ,MOZ,Mozambique,Country,6077f91a-b3fa-4307-946b-03935bab4bb0,Malaria,2017,2019,US$,167870339.00,167870339.00,Agreed,1/1/2018 12:00:00 AM,12/31/2020 12:00:00 AM
dd578937-01a3-45fb-89f7-af6666d16e98,422a9c0c-7b21-48fa-b37c-61a1ada27bd1,MZ,MZ,MOZ,Mozambique,Country,7a7e3f22-e4d1-4f2a-b6a4-9f1b794429c3,Tuberculosis,2017,2019,US$,45122235.00,45122235.00,Agreed,1/1/2018 12:00:00 AM,12/31/2020 12:00:00 AM
8681aeef-bd58-472a-ba23-6b6249a73b74,332579ba-bfcb-4322-ba8a-61e37213d7a0,KM,KM,COM,Comoros,Country,6077f91a-b3fa-4307-946b-03935bab4bb0,Malaria,2017,2019,US$,4588918.19,4089185.00,Original,1/1/2019 12:00:00 AM,12/31/2021 12:00:00 AM
d3f0f498-d568-432b-9e39-713f16c9dcbd,332579ba-bfcb-4322-ba8a-61e37213d7a0,KM,KM,COM,Comoros,Country,d6adb260-7f63-4a94-8b4e-58b933baf76c,HIV/AIDS,2017,2019,US$,1335200.31,1189797.00,Original,7/1/2019 12:00:00 AM,6/30/2022 12:00:00 AM
bac6b806-16e9-4f76-b070-fcad8b4cb178,332579ba-bfcb-4322-ba8a-61e37213d7a0,KM,KM,COM,Comoros,Country,7a7e3f22-e4d1-4f2a-b6a4-9f1b794429c3,Tuberculosis,2017,2019,US$,864856.92,770674.00,Original,10/1/2018 12:00:00 AM,9/30/2021 12:00:00 AM
bcf2a6fb-5619-4766-9cf8-55a8cf6c0bb5,ec4cbe95-b688-4ab8-bb5b-61f6d90910a9,UZ,UZ,UZB,Uzbekistan,Country,7a7e3f22-e4d1-4f2a-b6a4-9f1b794429c3,Tuberculosis,2017,2019,US$,21640400.00,19000831.00,Agreed,7/1/2018 12:00:00 AM,6/30/2021 12:00:00 AM
2989f688-3141-4d28-bfb7-7bf5aee9f3cf,ec4cbe95-b688-4ab8-bb5b-61f6d90910a9,UZ,UZ,UZB,Uzbekistan,Country,d6adb260-7f63-4a94-8b4e-58b933baf76c,HIV/AIDS,2017,2019,US$,13928377.00,16567946.00,Agreed,7/1/2018 12:00:00 AM,6/30/2021 12:00:00 AM
ce59aafa-81bc-4b1a-8a53-9f40825a61cc,eeb0ddd9-ea5d-462e-b957-64421142ab69,DJ,DJ,DJI,Djibouti,Country,6077f91a-b3fa-4307-946b-03935bab4bb0,Malaria,2017,2019,US$,2731792.00,2731792.00,Agreed,1/1/2018 12:00:00 AM,12/31/2020 12:00:00 AM
c1a21226-bbe6-407c-bbb3-e10ed85d3bbe,eeb0ddd9-ea5d-462e-b957-64421142ab69,DJ,DJ,DJI,Djibouti,Country,d6adb260-7f63-4a94-8b4e-58b933baf76c,HIV/AIDS,2017,2019,US$,2910923.00,2910923.00,Agreed,1/1/2018 12:00:00 AM,12/31/2020 12:00:00 AM
7384e9c7-cbb9-4ff1-9e91-f6d467c6ec14,eeb0ddd9-ea5d-462e-b957-64421142ab69,DJ,DJ,DJI,Djibouti,Country,7a7e3f22-e4d1-4f2a-b6a4-9f1b794429c3,Tuberculosis,2017,2019,US$,2873205.00,2873205.00,Agreed,1/1/2018 12:00:00 AM,12/31/2020 12:00:00 AM
a15bd4ca-d42c-423c-8ec4-256c5312f98c,6edd1ebf-5c1a-4c58-a3f4-69bd2e882d35,ER,ER,ERI,Eritrea,Country,6077f91a-b3fa-4307-946b-03935bab4bb0,Malaria,2017,2019,US$,21554342.00,18043051.00,Agreed,1/1/2018 12:00:00 AM,12/31/2020 12:00:00 AM
4744c627-b916-4007-a3f9-785070812ff6,6edd1ebf-5c1a-4c58-a3f4-69bd2e882d35,ER,ER,ERI,Eritrea,Country,7a7e3f22-e4d1-4f2a-b6a4-9f1b794429c3,Tuberculosis,2017,2019,US$,4462207.00,4366636.00,Agreed,1/1/2018 12:00:00 AM,12/31/2020 12:00:00 AM
c179da82-abcd-4a30-82e1-d5b578238110,6edd1ebf-5c1a-4c58-a3f4-69bd2e882d35,ER,ER,ERI,Eritrea,Country,d6adb260-7f63-4a94-8b4e-58b933baf76c,HIV/AIDS,2017,2019,US$,17649811.00,21256673.00,Agreed,1/1/2018 12:00:00 AM,12/31/2020 12:00:00 AM
315b9e98-33c4-49ca-9a8d-12b1577e67cf,3c3b504b-ffc2-4d73-a75c-69f197d07256,BD,BD,BGD,Bangladesh,Country,d6adb260-7f63-4a94-8b4e-58b933baf76c,HIV/AIDS,2017,2019,US$,18295447.00,21495447.00,Agreed,12/1/2017 12:00:00 AM,11/30/2020 12:00:00 AM
313174ab-09bb-4a18-bce6-72f51ed0d7ca,3c3b504b-ffc2-4d73-a75c-69f197d07256,BD,BD,BGD,Bangladesh,Country,6077f91a-b3fa-4307-946b-03935bab4bb0,Malaria,2017,2019,US$,30000000.00,26800000.00,Agreed,1/1/2018 12:00:00 AM,12/31/2020 12:00:00 AM
210fbbc0-9849-41a7-b084-a087a1f840d0,3c3b504b-ffc2-4d73-a75c-69f197d07256,BD,BD,BGD,Bangladesh,Country,7a7e3f22-e4d1-4f2a-b6a4-9f1b794429c3,Tuberculosis,2017,2019,US$,97935663.00,97935663.00,Agreed,1/1/2018 12:00:00 AM,12/31/2020 12:00:00 AM
715cb083-e006-4079-9384-87f1a55b9c3f,230dc866-39f9-4332-9c9d-6b9145dc667a,RS,RS,SRB,Serbia,Country,d6adb260-7f63-4a94-8b4e-58b933baf76c,HIV/AIDS,2017,2019,US$,1232578.84,1098351.00,Original,,
0de55201-f63e-4bd7-a2d3-64a067d769b0,38565614-b542-4558-96f5-6c0ab3e36f97,HN,HN,HND,Honduras,Country,6077f91a-b3fa-4307-946b-03935bab4bb0,Malaria,2017,2019,US$,5376572.00,5376572.00,Agreed,1/1/2018 12:00:00 AM,12/31/2020 12:00:00 AM
42b34676-d667-44b9-a7e4-7155bf212ae2,38565614-b542-4558-96f5-6c0ab3e36f97,HN,HN,HND,Honduras,Country,7a7e3f22-e4d1-4f2a-b6a4-9f1b794429c3,Tuberculosis,2017,2019,US$,2743600.00,2743600.00,Agreed,1/1/2020 12:00:00 AM,12/31/2022 12:00:00 AM
3aec28c7-cfa1-4497-9568-fa5ed5900bb4,38565614-b542-4558-96f5-6c0ab3e36f97,HN,HN,HND,Honduras,Country,d6adb260-7f63-4a94-8b4e-58b933baf76c,HIV/AIDS,2017,2019,US$,10004747.00,10004747.00,Agreed,8/1/2019 12:00:00 AM,7/31/2022 12:00:00 AM
a0548fde-f747-414c-9772-17cfe24bc59e,4e114ee0-b689-436f-a9a4-6d8f0ff49d0b,NE,NE,NER,Niger,Country,6077f91a-b3fa-4307-946b-03935bab4bb0,Malaria,2017,2019,US$,56747651.22,44567832.00,Agreed,1/1/2018 12:00:00 AM,12/31/2020 12:00:00 AM
5d3132a9-b28a-45dc-8559-77364058cfe6,4e114ee0-b689-436f-a9a4-6d8f0ff49d0b,NE,NE,NER,Niger,Country,bb43fbf2-5897-40c5-aa85-4a5edff13fa0,RSSH,2017,2019,US$,0.00,6000000.00,Agreed,1/1/2019 12:00:00 AM,12/31/2021 12:00:00 AM
23312cc7-616e-453e-9d5b-883e28bd387b,4e114ee0-b689-436f-a9a4-6d8f0ff49d0b,NE,NE,NER,Niger,Country,d6adb260-7f63-4a94-8b4e-58b933baf76c,HIV/AIDS,2017,2019,US$,15032503.65,13395464.00,Agreed,1/1/2018 12:00:00 AM,12/31/2020 12:00:00 AM
50fdd1d4-df82-44c3-8068-a836fa68b4be,4e114ee0-b689-436f-a9a4-6d8f0ff49d0b,NE,NE,NER,Niger,Country,7a7e3f22-e4d1-4f2a-b6a4-9f1b794429c3,Tuberculosis,2017,2019,US$,12510176.19,11147818.00,Agreed,1/1/2019 12:00:00 AM,12/31/2021 12:00:00 AM
2c79c352-4a53-44b2-83ee-14a4715f421c,2d777324-7b1f-48ad-a1e0-72f6e4d2b646,BW,BW,BWA,Botswana,Country,6077f91a-b3fa-4307-946b-03935bab4bb0,Malaria,2017,2019,US$,1287500.00,1287500.00,Agreed,10/1/2018 12:00:00 AM,9/30/2021 12:00:00 AM
e42d31bc-4f21-4c70-84d8-6e83e4ca031c,2d777324-7b1f-48ad-a1e0-72f6e4d2b646,BW,BW,BWA,Botswana,Country,7a7e3f22-e4d1-4f2a-b6a4-9f1b794429c3,Tuberculosis,2017,2019,US$,1916471.00,1916471.00,Agreed,1/1/2019 12:00:00 AM,12/31/2021 12:00:00 AM
c0c93e64-f9a6-43ce-b23c-7514d9751704,2d777324-7b1f-48ad-a1e0-72f6e4d2b646,BW,BW,BWA,Botswana,Country,d6adb260-7f63-4a94-8b4e-58b933baf76c,HIV/AIDS,2017,2019,US$,13950867.00,13950867.00,Agreed,1/1/2019 12:00:00 AM,12/31/2021 12:00:00 AM
719a2def-47d8-4240-8947-5d2c85ebfb1a,6a035503-7fc3-41bf-85f8-757fcb9e2773,GM,GM,GMB,Gambia,Country,6077f91a-b3fa-4307-946b-03935bab4bb0,Malaria,2017,2019,US$,15293792.00,13895813.00,Agreed,7/1/2018 12:00:00 AM,6/30/2021 12:00:00 AM
4589ccc9-be6b-415b-8316-88e5b2ade77c,6a035503-7fc3-41bf-85f8-757fcb9e2773,GM,GM,GMB,Gambia,Country,d6adb260-7f63-4a94-8b4e-58b933baf76c,HIV/AIDS,2017,2019,US$,8665790.00,11063769.00,Agreed,1/1/2018 12:00:00 AM,12/31/2020 12:00:00 AM
9186d081-8600-43be-8176-8e790d44e722,6a035503-7fc3-41bf-85f8-757fcb9e2773,GM,GM,GMB,Gambia,Country,7a7e3f22-e4d1-4f2a-b6a4-9f1b794429c3,Tuberculosis,2017,2019,US$,4000000.00,3000000.00,Agreed,1/1/2018 12:00:00 AM,12/31/2020 12:00:00 AM
f52e6f14-46e3-4da7-92e9-63c33fb47b06,3bcd34fa-b909-4cdf-93a2-75d02ac5cee9,MY,MY,MYS,Malaysia,Country,d6adb260-7f63-4a94-8b4e-58b933baf76c,HIV/AIDS,2017,2019,US$,4031592.00,4031592.00,Original,1/1/2019 12:00:00 AM,12/31/2021 12:00:00 AM
fd9678e9-bb3d-47c2-8e83-6d46d6d5f0b8,56c65361-a920-473c-b1c7-76b842d66bae,BO,BO,BOL,Bolivia (Plurinational State),Country,7a7e3f22-e4d1-4f2a-b6a4-9f1b794429c3,Tuberculosis,2017,2019,US$,5648949.00,5648949.00,Original,1/1/2020 12:00:00 AM,12/31/2022 12:00:00 AM
43bbba1f-b8fe-40c9-9141-db9597c4f196,56c65361-a920-473c-b1c7-76b842d66bae,BO,BO,BOL,Bolivia (Plurinational State),Country,d6adb260-7f63-4a94-8b4e-58b933baf76c,HIV/AIDS,2017,2019,US$,9175449.00,9175449.00,Original,1/1/2019 12:00:00 AM,12/31/2021 12:00:00 AM
caf1bd72-ed9a-47a4-b0d2-f490afd98a81,56c65361-a920-473c-b1c7-76b842d66bae,BO,BO,BOL,Bolivia (Plurinational State),Country,6077f91a-b3fa-4307-946b-03935bab4bb0,Malaria,2017,2019,US$,3807860.00,3807860.00,Original,1/1/2019 12:00:00 AM,12/31/2021 12:00:00 AM
39935ef9-f3fb-41f2-9776-5212d9aa9ee9,9b694df1-565a-4c5d-ad64-786048414bd9,PY,PY,PRY,Paraguay,Country,d6adb260-7f63-4a94-8b4e-58b933baf76c,HIV/AIDS,2017,2019,US$,4432967.00,4432967.00,Agreed,3/1/2018 12:00:00 AM,2/28/2021 12:00:00 AM
5a84a411-aea9-49e7-a725-8399691f669a,9b694df1-565a-4c5d-ad64-786048414bd9,PY,PY,PRY,Paraguay,Country,7a7e3f22-e4d1-4f2a-b6a4-9f1b794429c3,Tuberculosis,2017,2019,US$,2915321.00,2915321.00,Agreed,1/1/2019 12:00:00 AM,12/31/2021 12:00:00 AM
55f4cb16-245f-42e9-9ba9-0dcaf70c3c86,9da0b8b2-7521-4c14-ab9a-7f1140e5247a,TL,TL,TLS,Timor-Leste,Country,6077f91a-b3fa-4307-946b-03935bab4bb0,Malaria,2017,2019,US$,10969331.00,7951919.00,Agreed,1/1/2018 12:00:00 AM,12/31/2020 12:00:00 AM
5068c955-6627-4d7a-baf0-c4e92510ac61,9da0b8b2-7521-4c14-ab9a-7f1140e5247a,TL,TL,TLS,Timor-Leste,Country,7a7e3f22-e4d1-4f2a-b6a4-9f1b794429c3,Tuberculosis,2017,2019,US$,2494891.00,4800000.00,Agreed,1/1/2018 12:00:00 AM,12/31/2020 12:00:00 AM
6b47a26d-772b-4dad-9791-f2355b373e35,9da0b8b2-7521-4c14-ab9a-7f1140e5247a,TL,TL,TLS,Timor-Leste,Country,d6adb260-7f63-4a94-8b4e-58b933baf76c,HIV/AIDS,2017,2019,US$,2312598.00,3024901.00,Agreed,1/1/2018 12:00:00 AM,12/31/2020 12:00:00 AM
7eaab3e2-12ac-4d3b-9816-18b82c4b3181,5f1b1f25-2479-438c-a84f-8093d3477a36,BF,BF,BFA,Burkina Faso,Country,d6adb260-7f63-4a94-8b4e-58b933baf76c,HIV/AIDS,2017,2019,US$,36760555.49,37506207.00,Agreed,1/1/2018 12:00:00 AM,12/31/2020 12:00:00 AM
f822101d-f54e-4b60-94e4-bee9c4d8f356,5f1b1f25-2479-438c-a84f-8093d3477a36,BF,BF,BFA,Burkina Faso,Country,6077f91a-b3fa-4307-946b-03935bab4bb0,Malaria,2017,2019,US$,100133418.25,82863309.00,Agreed,1/1/2018 12:00:00 AM,12/31/2020 12:00:00 AM
4c0abb82-ae4d-40bf-ab80-e870c3b3557a,5f1b1f25-2479-438c-a84f-8093d3477a36,BF,BF,BFA,Burkina Faso,Country,7a7e3f22-e4d1-4f2a-b6a4-9f1b794429c3,Tuberculosis,2017,2019,US$,7000000.00,7854404.00,Agreed,1/1/2018 12:00:00 AM,12/31/2020 12:00:00 AM
ed2e7529-e00b-402f-aa39-38d7c21c838d,a76e4125-b5f5-41c8-8bcc-82d9dc5d1342,RW,RW,RWA,Rwanda,Country,7a7e3f22-e4d1-4f2a-b6a4-9f1b794429c3,Tuberculosis,2017,2019,US$,14154994.00,14154994.00,Agreed,1/1/2018 12:00:00 AM,6/30/2021 12:00:00 AM
214a2627-4890-47a1-8a17-4604ee55e462,a76e4125-b5f5-41c8-8bcc-82d9dc5d1342,RW,RW,RWA,Rwanda,Country,6077f91a-b3fa-4307-946b-03935bab4bb0,Malaria,2017,2019,US$,41460255.00,41460255.00,Agreed,1/1/2018 12:00:00 AM,6/30/2021 12:00:00 AM
61cd77df-c9d1-47ba-bb8a-70b93c48332e,a76e4125-b5f5-41c8-8bcc-82d9dc5d1342,RW,RW,RWA,Rwanda,Country,d6adb260-7f63-4a94-8b4e-58b933baf76c,HIV/AIDS,2017,2019,US$,154462907.00,154462907.00,Agreed,1/1/2018 12:00:00 AM,6/30/2021 12:00:00 AM
8b36715e-1a6f-479b-aef6-7fa84bd01660,5061c5f2-1100-4eed-9cff-83787e240c78,ET,ET,ETH,Ethiopia,Country,d6adb260-7f63-4a94-8b4e-58b933baf76c,HIV/AIDS,2017,2019,US$,194160288.00,194160288.00,Agreed,1/1/2018 12:00:00 AM,12/31/2020 12:00:00 AM
7cb411d2-3bd0-43c4-a44e-9c896e94a98c,5061c5f2-1100-4eed-9cff-83787e240c78,ET,ET,ETH,Ethiopia,Country,bb43fbf2-5897-40c5-aa85-4a5edff13fa0,RSSH,2017,2019,US$,0.00,24000000.00,Agreed,1/1/2018 12:00:00 AM,12/31/2020 12:00:00 AM
0d061e02-fe49-47d0-95b9-cff040535347,5061c5f2-1100-4eed-9cff-83787e240c78,ET,ET,ETH,Ethiopia,Country,6077f91a-b3fa-4307-946b-03935bab4bb0,Malaria,2017,2019,US$,129849218.00,111849218.00,Agreed,1/1/2018 12:00:00 AM,12/31/2020 12:00:00 AM
eb62a307-7983-45dd-b806-f13eb4a33211,5061c5f2-1100-4eed-9cff-83787e240c78,ET,ET,ETH,Ethiopia,Country,7a7e3f22-e4d1-4f2a-b6a4-9f1b794429c3,Tuberculosis,2017,2019,US$,51599381.00,45599381.00,Agreed,1/1/2018 12:00:00 AM,12/31/2020 12:00:00 AM
2aa1068f-e894-42cc-84d9-0ccbe2f057a0,01ee1f53-5dd8-4797-811f-84989e8d452f,MU,MU,MUS,Mauritius,Country,d6adb260-7f63-4a94-8b4e-58b933baf76c,HIV/AIDS,2017,2019,US$,2487917.00,2487917.00,Agreed,1/1/2018 12:00:00 AM,12/31/2020 12:00:00 AM
5bb661d5-fc89-45e4-8544-00081b0b7a23,97066ca6-87c9-41ac-8e17-859ff7daa514,LK,LK,LKA,Sri Lanka,Country,7a7e3f22-e4d1-4f2a-b6a4-9f1b794429c3,Tuberculosis,2017,2019,US$,3024073.00,3024073.00,Agreed,1/1/2019 12:00:00 AM,12/31/2021 12:00:00 AM
ee334f57-c006-434c-a0f9-f79cb6638cbc,97066ca6-87c9-41ac-8e17-859ff7daa514,LK,LK,LKA,Sri Lanka,Country,d6adb260-7f63-4a94-8b4e-58b933baf76c,HIV/AIDS,2017,2019,US$,6948047.00,6948047.00,Agreed,1/1/2019 12:00:00 AM,12/31/2021 12:00:00 AM
7a6df62e-ef87-4c10-b2ab-fc4b05279664,97066ca6-87c9-41ac-8e17-859ff7daa514,LK,LK,LKA,Sri Lanka,Country,6077f91a-b3fa-4307-946b-03935bab4bb0,Malaria,2017,2019,US$,2500000.00,2500000.00,Agreed,1/1/2019 12:00:00 AM,12/31/2021 12:00:00 AM
751bd566-1060-4beb-b366-94dc94ac31bf,64c612a7-e6d5-464e-af1f-88c4f1522a7a,SR,SR,SUR,Suriname,Country,6077f91a-b3fa-4307-946b-03935bab4bb0,Malaria,2017,2019,US$,2011482.00,2011482.00,Agreed,4/1/2018 12:00:00 AM,3/31/2021 12:00:00 AM
ffca8a19-194b-4cf1-9b2a-b76ea401a286,64c612a7-e6d5-464e-af1f-88c4f1522a7a,SR,SR,SUR,Suriname,Country,d6adb260-7f63-4a94-8b4e-58b933baf76c,HIV/AIDS,2017,2019,US$,810721.00,810721.00,Agreed,1/1/2019 12:00:00 AM,12/31/2021 12:00:00 AM
52936d8f-402f-4c5b-844d-ca2ed94170ce,64c612a7-e6d5-464e-af1f-88c4f1522a7a,SR,SR,SUR,Suriname,Country,7a7e3f22-e4d1-4f2a-b6a4-9f1b794429c3,Tuberculosis,2017,2019,US$,989674.00,989674.00,Agreed,1/1/2019 12:00:00 AM,12/31/2021 12:00:00 AM
9465ae9d-4c2e-47fa-8815-0914372c4fff,c546498f-21fe-4685-909b-8a127a57afb0,TD,TD,TCD,Chad,Country,7a7e3f22-e4d1-4f2a-b6a4-9f1b794429c3,Tuberculosis,2017,2019,US$,5704155.54,4534012.00,Agreed,1/1/2019 12:00:00 AM,12/31/2021 12:00:00 AM
b70ce663-c0d8-4ff5-a528-38d8b1bdc6d9,c546498f-21fe-4685-909b-8a127a57afb0,TD,TD,TCD,Chad,Country,d6adb260-7f63-4a94-8b4e-58b933baf76c,HIV/AIDS,2017,2019,US$,35365869.15,28110957.00,Agreed,1/1/2019 12:00:00 AM,12/31/2021 12:00:00 AM
6eea9405-9bd2-4290-922c-8f5a611fd21b,c546498f-21fe-4685-909b-8a127a57afb0,TD,TD,TCD,Chad,Country,6077f91a-b3fa-4307-946b-03935bab4bb0,Malaria,2017,2019,US$,42205387.72,33547425.00,Agreed,7/1/2018 12:00:00 AM,6/30/2021 12:00:00 AM
ad303471-f0c0-4826-9e28-d3fe4a432885,c546498f-21fe-4685-909b-8a127a57afb0,TD,TD,TCD,Chad,Country,bb43fbf2-5897-40c5-aa85-4a5edff13fa0,RSSH,2017,2019,US$,0.00,8014326.00,Agreed,1/1/2019 12:00:00 AM,12/31/2021 12:00:00 AM
d0ed65dd-9bb9-493d-96a0-3db10723578a,a1d45f7a-4622-4002-aedc-8bae17df0bc7,AO,AO,AGO,Angola,Country,d6adb260-7f63-4a94-8b4e-58b933baf76c,HIV/AIDS,2017,2019,US$,25110399.00,23110399.00,Agreed,7/1/2018 12:00:00 AM,6/30/2021 12:00:00 AM
bda5c0be-dc93-4654-8446-5d3b247a3caf,a1d45f7a-4622-4002-aedc-8bae17df0bc7,AO,AO,AGO,Angola,Country,7a7e3f22-e4d1-4f2a-b6a4-9f1b794429c3,Tuberculosis,2017,2019,US$,6080400.00,6080400.00,Agreed,1/1/2019 12:00:00 AM,12/31/2021 12:00:00 AM
c585ac91-4ec5-4166-91fa-84c76ffa2b44,a1d45f7a-4622-4002-aedc-8bae17df0bc7,AO,AO,AGO,Angola,Country,bb43fbf2-5897-40c5-aa85-4a5edff13fa0,RSSH,2017,2019,US$,0.00,6898141.00,Agreed,1/1/2019 12:00:00 AM,12/31/2021 12:00:00 AM
594609d4-0f63-45cb-9ceb-bcc4d0247dfa,a1d45f7a-4622-4002-aedc-8bae17df0bc7,AO,AO,AGO,Angola,Country,6077f91a-b3fa-4307-946b-03935bab4bb0,Malaria,2017,2019,US$,26898141.00,22000000.00,Agreed,7/1/2018 12:00:00 AM,6/30/2021 12:00:00 AM
28e21d4e-2ec5-468f-9673-30b21b0a8e43,bb0182e7-608f-4b8b-9076-8d8bfd65331c,CU,CU,CUB,Cuba,Country,d6adb260-7f63-4a94-8b4e-58b933baf76c,HIV/AIDS,2017,2019,US$,13253226.00,13253226.00,Agreed,1/1/2018 12:00:00 AM,12/31/2020 12:00:00 AM
8c41756a-e538-4267-bda4-1655ebd182cc,7c973abd-19b9-486b-956a-8ddeb7dd3f58,IN,IN,IND,India,Country,6077f91a-b3fa-4307-946b-03935bab4bb0,Malaria,2017,2019,US$,65006452.00,65006452.00,Agreed,1/1/2018 12:00:00 AM,12/31/2020 12:00:00 AM
5fc29aac-e98a-4d62-a61a-37da65130118,7c973abd-19b9-486b-956a-8ddeb7dd3f58,IN,IN,IND,India,Country,d6adb260-7f63-4a94-8b4e-58b933baf76c,HIV/AIDS,2017,2019,US$,155063624.00,155063624.00,Agreed,1/1/2018 12:00:00 AM,12/31/2020 12:00:00 AM
7b0f1b3e-5de1-4080-8911-ebfb15d0dcee,7c973abd-19b9-486b-956a-8ddeb7dd3f58,IN,IN,IND,India,Country,7a7e3f22-e4d1-4f2a-b6a4-9f1b794429c3,Tuberculosis,2017,2019,US$,279929924.00,279929924.00,Agreed,1/1/2018 12:00:00 AM,12/31/2020 12:00:00 AM
3a404aa8-f3f6-40f0-8934-eec54933d53e,cdfdab69-170a-42ea-8b98-8e19e19c685a,TM,TM,TKM,Turkmenistan,Country,7a7e3f22-e4d1-4f2a-b6a4-9f1b794429c3,Tuberculosis,2017,2019,US$,3956665.00,3956665.00,Agreed,7/1/2018 12:00:00 AM,6/30/2021 12:00:00 AM
a72d557a-ed3b-41f8-9006-cf5c7e283d5d,d75fca8c-d7e4-4c8d-9c44-91d6112827c7,KH,KH,KHM,Cambodia,Country,7a7e3f22-e4d1-4f2a-b6a4-9f1b794429c3,Tuberculosis,2017,2019,US$,13812665.00,13812665.00,Agreed,1/1/2018 12:00:00 AM,12/31/2020 12:00:00 AM
0980e942-0af2-449a-82a3-fbc444a87b85,d75fca8c-d7e4-4c8d-9c44-91d6112827c7,KH,KH,KHM,Cambodia,Country,d6adb260-7f63-4a94-8b4e-58b933baf76c,HIV/AIDS,2017,2019,US$,41597533.00,41597533.00,Agreed,1/1/2018 12:00:00 AM,12/31/2020 12:00:00 AM
46f816a3-0e03-4b32-9607-41e2b9834344,0ce9c9f6-40cb-429a-a51f-93cd10773722,TH,TH,THA,Thailand,Country,d6adb260-7f63-4a94-8b4e-58b933baf76c,HIV/AIDS,2017,2019,US$,24569150.00,23473375.00,Agreed,1/1/2018 12:00:00 AM,12/31/2020 12:00:00 AM
c16fa8ab-3f97-4e40-a285-73a84b54689c,0ce9c9f6-40cb-429a-a51f-93cd10773722,TH,TH,THA,Thailand,Country,7a7e3f22-e4d1-4f2a-b6a4-9f1b794429c3,Tuberculosis,2017,2019,US$,13096509.00,14192284.00,Agreed,1/1/2018 12:00:00 AM,12/31/2020 12:00:00 AM
97527f4f-3124-48b3-b2be-cf19107455c9,a11f6ff8-cd18-4942-b0be-9488e846d731,BZ,BZ,BLZ,Belize,Country,7a7e3f22-e4d1-4f2a-b6a4-9f1b794429c3,Tuberculosis,2017,2019,US$,537829.00,537829.00,Agreed,1/1/2019 12:00:00 AM,12/31/2021 12:00:00 AM
5984bf19-d3b2-4a5e-928e-d587d9954228,a11f6ff8-cd18-4942-b0be-9488e846d731,BZ,BZ,BLZ,Belize,Country,d6adb260-7f63-4a94-8b4e-58b933baf76c,HIV/AIDS,2017,2019,US$,1378449.00,1378449.00,Agreed,1/1/2019 12:00:00 AM,12/31/2021 12:00:00 AM
2fed7b94-8762-4e91-94c9-5d9035a61aad,5dc7f407-48e2-47dc-9e54-9a94e49999fe,SN,SN,SEN,Senegal,Country,6077f91a-b3fa-4307-946b-03935bab4bb0,Malaria,2017,2019,US$,40804408.04,32360808.00,Agreed,1/1/2018 12:00:00 AM,12/31/2020 12:00:00 AM
b600ba94-c421-44c9-81ce-6c008d21d699,5dc7f407-48e2-47dc-9e54-9a94e49999fe,SN,SN,SEN,Senegal,Country,7a7e3f22-e4d1-4f2a-b6a4-9f1b794429c3,Tuberculosis,2017,2019,US$,7568000.22,10743845.00,Agreed,1/1/2018 12:00:00 AM,12/31/2020 12:00:00 AM
c0edffbc-de49-40ff-87b1-9f8c1a350463,5dc7f407-48e2-47dc-9e54-9a94e49999fe,SN,SN,SEN,Senegal,Country,d6adb260-7f63-4a94-8b4e-58b933baf76c,HIV/AIDS,2017,2019,US$,24540784.42,21868293.00,Agreed,1/1/2018 12:00:00 AM,12/31/2020 12:00:00 AM
b852ad38-6938-4f3b-a1aa-085713bc1d65,b3d59122-9d71-4df9-ae0e-9e4b1b315de8,MM,MM,MMR,Myanmar,Country,d6adb260-7f63-4a94-8b4e-58b933baf76c,HIV/AIDS,2017,2019,US$,123102465.00,123102465.00,Agreed,1/1/2018 12:00:00 AM,12/31/2020 12:00:00 AM
3c45cb68-8ea1-4919-82f6-f0cf4a09fdd0,b3d59122-9d71-4df9-ae0e-9e4b1b315de8,MM,MM,MMR,Myanmar,Country,7a7e3f22-e4d1-4f2a-b6a4-9f1b794429c3,Tuberculosis,2017,2019,US$,82947503.00,82947503.00,Agreed,1/1/2018 12:00:00 AM,12/31/2020 12:00:00 AM
8ace45a3-3a7f-4e14-abef-4fa7f71205bc,b2d78cbb-a8d0-45e2-a78c-9e53b907c4a3,MW,MW,MWI,Malawi,Country,d6adb260-7f63-4a94-8b4e-58b933baf76c,HIV/AIDS,2017,2019,US$,370804766.00,364804766.00,Agreed,1/1/2018 12:00:00 AM,12/31/2020 12:00:00 AM
0d6e331a-20e1-4c4d-b62b-8ee992049934,b2d78cbb-a8d0-45e2-a78c-9e53b907c4a3,MW,MW,MWI,Malawi,Country,7a7e3f22-e4d1-4f2a-b6a4-9f1b794429c3,Tuberculosis,2017,2019,US$,9000000.00,19946926.00,Agreed,1/1/2018 12:00:00 AM,12/31/2020 12:00:00 AM
d51eae89-b0b9-489a-9566-da96d6e6cdfd,b2d78cbb-a8d0-45e2-a78c-9e53b907c4a3,MW,MW,MWI,Malawi,Country,6077f91a-b3fa-4307-946b-03935bab4bb0,Malaria,2017,2019,US$,70670374.00,65723448.00,Agreed,1/1/2018 12:00:00 AM,12/31/2020 12:00:00 AM
dcdf0046-c88f-4607-b417-56f6f232ec41,39b465f8-a7a8-4793-9493-a51935a1d693,GW,GW,GNB,Guinea-Bissau,Country,d6adb260-7f63-4a94-8b4e-58b933baf76c,HIV/AIDS,2017,2019,US$,10254189.20,10582610.00,Agreed,1/1/2018 12:00:00 AM,12/31/2020 12:00:00 AM
e3ca1060-6192-410f-b175-bde36f871e53,39b465f8-a7a8-4793-9493-a51935a1d693,GW,GW,GNB,Guinea-Bissau,Country,7a7e3f22-e4d1-4f2a-b6a4-9f1b794429c3,Tuberculosis,2017,2019,US$,3256493.10,2901861.00,Agreed,1/1/2018 12:00:00 AM,12/31/2020 12:00:00 AM
fdbd19c1-2b04-4894-af14-e6c8a63bb845,39b465f8-a7a8-4793-9493-a51935a1d693,GW,GW,GNB,Guinea-Bissau,Country,6077f91a-b3fa-4307-946b-03935bab4bb0,Malaria,2017,2019,US$,19720995.40,16128277.00,Agreed,1/1/2018 12:00:00 AM,12/31/2020 12:00:00 AM
21e519f8-7bd5-4280-a5c2-1c7f6ada0a30,73d2cd6b-1e4c-4641-b763-a6e4731d5402,GT,GT,GTM,Guatemala,Country,d6adb260-7f63-4a94-8b4e-58b933baf76c,HIV/AIDS,2017,2019,US$,19773326.00,19773326.00,Agreed,1/1/2018 12:00:00 AM,12/31/2020 12:00:00 AM
e937897e-16c5-401c-a56e-5367fa6178ea,73d2cd6b-1e4c-4641-b763-a6e4731d5402,GT,GT,GTM,Guatemala,Country,6077f91a-b3fa-4307-946b-03935bab4bb0,Malaria,2017,2019,US$,6362560.00,6362560.00,Agreed,7/1/2018 12:00:00 AM,6/30/2021 12:00:00 AM
fb534247-d63f-4d9c-b319-5dbebcd0403a,73d2cd6b-1e4c-4641-b763-a6e4731d5402,GT,GT,GTM,Guatemala,Country,7a7e3f22-e4d1-4f2a-b6a4-9f1b794429c3,Tuberculosis,2017,2019,US$,5849483.00,5849483.00,Agreed,7/1/2019 12:00:00 AM,6/30/2022 12:00:00 AM
6ec35063-7676-4127-acc2-5dd16a182520,a15ecee9-30df-48e8-9bd1-a8ea04e779c6,PG,PG,PNG,Papua New Guinea,Country,6077f91a-b3fa-4307-946b-03935bab4bb0,Malaria,2017,2019,US$,23563097.00,22063097.00,Agreed,1/1/2018 12:00:00 AM,12/31/2020 12:00:00 AM
b387dc58-8252-4a7f-8201-a1648d946946,a15ecee9-30df-48e8-9bd1-a8ea04e779c6,PG,PG,PNG,Papua New Guinea,Country,d6adb260-7f63-4a94-8b4e-58b933baf76c,HIV/AIDS,2017,2019,US$,8211639.00,8211639.00,Agreed,1/1/2018 12:00:00 AM,12/31/2020 12:00:00 AM
9c03e7cc-c572-45a2-9ec3-b440ce0cdccb,a15ecee9-30df-48e8-9bd1-a8ea04e779c6,PG,PG,PNG,Papua New Guinea,Country,7a7e3f22-e4d1-4f2a-b6a4-9f1b794429c3,Tuberculosis,2017,2019,US$,11364975.00,12864975.00,Agreed,1/1/2018 12:00:00 AM,12/31/2020 12:00:00 AM
aee7c860-3200-4621-93e0-85afa87327fe,63887eb8-fa1d-45d5-8fd3-acbb7c2188c6,CF,CF,CAF,Central African Republic,Country,d6adb260-7f63-4a94-8b4e-58b933baf76c,HIV/AIDS,2017,2019,US$,25946486.37,23120914.00,Agreed,1/1/2018 12:00:00 AM,12/31/2020 12:00:00 AM
c72f23b4-7910-48ce-a807-efb2bd3c0468,63887eb8-fa1d-45d5-8fd3-acbb7c2188c6,CF,CF,CAF,Central African Republic,Country,7a7e3f22-e4d1-4f2a-b6a4-9f1b794429c3,Tuberculosis,2017,2019,US$,6307078.89,5620238.00,Agreed,1/1/2018 12:00:00 AM,12/31/2020 12:00:00 AM
69bf21f9-9f5b-4b23-ab28-f9dcc5e74509,63887eb8-fa1d-45d5-8fd3-acbb7c2188c6,CF,CF,CAF,Central African Republic,Country,6077f91a-b3fa-4307-946b-03935bab4bb0,Malaria,2017,2019,US$,30409208.84,27097646.00,Agreed,1/1/2018 12:00:00 AM,12/31/2020 12:00:00 AM
47a7b3ab-d91d-4f45-9f97-6f46ef5abc1f,79cc6298-8372-48b4-9712-b11eaba1a805,KP,KP,PRK,Korea (Democratic Peoples Republic),Country,7a7e3f22-e4d1-4f2a-b6a4-9f1b794429c3,Tuberculosis,2017,2019,US$,35979788.00,36445987.00,Agreed,7/1/2018 12:00:00 AM,6/30/2021 12:00:00 AM
627d8df0-81ae-4c17-9016-82b3299a5a52,79cc6298-8372-48b4-9712-b11eaba1a805,KP,KP,PRK,Korea (Democratic Peoples Republic),Country,6077f91a-b3fa-4307-946b-03935bab4bb0,Malaria,2017,2019,US$,8083880.00,7617681.00,Agreed,3/1/2018 12:00:00 AM,2/28/2021 12:00:00 AM
c9d1b33d-a281-4601-99b4-70823c0cb262,01ad29a8-26df-4d6a-8ab6-b2268b79f21d,EC,EC,ECU,Ecuador,Country,d6adb260-7f63-4a94-8b4e-58b933baf76c,HIV/AIDS,2017,2019,US$,5328421.00,5328421.00,Original,1/1/2020 12:00:00 AM,12/31/2022 12:00:00 AM
6a912094-44c7-4317-85ad-2555926dbeee,013e944b-94da-41e1-90d1-b22b4f87f1cc,KE,KE,KEN,Kenya,Country,d6adb260-7f63-4a94-8b4e-58b933baf76c,HIV/AIDS,2017,2019,US$,246899292.00,231540407.00,Agreed,1/1/2018 12:00:00 AM,12/31/2020 12:00:00 AM
3d26698f-5e33-4d4d-ab58-56c4f9e8d4ea,013e944b-94da-41e1-90d1-b22b4f87f1cc,KE,KE,KEN,Kenya,Country,7a7e3f22-e4d1-4f2a-b6a4-9f1b794429c3,Tuberculosis,2017,2019,US$,45507072.00,56694670.00,Agreed,1/1/2018 12:00:00 AM,12/31/2020 12:00:00 AM
ac4d0324-e53d-4de6-8aff-6f1eb43896ff,013e944b-94da-41e1-90d1-b22b4f87f1cc,KE,KE,KEN,Kenya,Country,6077f91a-b3fa-4307-946b-03935bab4bb0,Malaria,2017,2019,US$,63225487.00,67396774.00,Agreed,1/1/2018 12:00:00 AM,12/31/2020 12:00:00 AM
b6461e3e-074b-4e18-8e30-195e89bad7bf,5407d575-ab23-4db6-ac34-b5eb567da7f0,ZM,ZM,ZMB,Zambia,Country,d6adb260-7f63-4a94-8b4e-58b933baf76c,HIV/AIDS,2017,2019,US$,184377140.00,184377140.00,Agreed,1/1/2018 12:00:00 AM,12/31/2020 12:00:00 AM
e526cc67-0624-4306-afd4-3665cb02c173,5407d575-ab23-4db6-ac34-b5eb567da7f0,ZM,ZM,ZMB,Zambia,Country,6077f91a-b3fa-4307-946b-03935bab4bb0,Malaria,2017,2019,US$,69000000.00,69000000.00,Agreed,1/1/2018 12:00:00 AM,12/31/2020 12:00:00 AM
e6014530-6cc0-41d7-97b7-d64f26947d32,5407d575-ab23-4db6-ac34-b5eb567da7f0,ZM,ZM,ZMB,Zambia,Country,7a7e3f22-e4d1-4f2a-b6a4-9f1b794429c3,Tuberculosis,2017,2019,US$,10008862.00,10008862.00,Agreed,1/1/2018 12:00:00 AM,12/31/2020 12:00:00 AM
1988369a-b982-4209-85e2-866e8d00cac5,c0959d2a-326e-472a-a375-b8e70640560a,UA,UA,UKR,Ukraine,Country,7a7e3f22-e4d1-4f2a-b6a4-9f1b794429c3,Tuberculosis,2017,2019,US$,48646090.00,48646090.00,Agreed,1/1/2018 12:00:00 AM,12/31/2020 12:00:00 AM
88ef2df2-55e2-4c65-9dd8-f68c5f962aa0,c0959d2a-326e-472a-a375-b8e70640560a,UA,UA,UKR,Ukraine,Country,d6adb260-7f63-4a94-8b4e-58b933baf76c,HIV/AIDS,2017,2019,US$,70836441.00,70836441.00,Agreed,1/1/2018 12:00:00 AM,12/31/2020 12:00:00 AM
b3638faf-63dd-41f2-85fb-00bd4c527019,457575cc-1c31-4a91-84bb-ba8022a15007,CR,CR,CRI,Costa Rica,Country,d6adb260-7f63-4a94-8b4e-58b933baf76c,HIV/AIDS,2017,2019,US$,2120098.00,2120098.00,Agreed,7/1/2018 12:00:00 AM,6/30/2021 12:00:00 AM
f2d66320-7a46-4f89-9544-1e882075da84,d0e17d32-68e3-481a-9ca5-bac4e685c119,ID,ID,IDN,Indonesia,Country,7a7e3f22-e4d1-4f2a-b6a4-9f1b794429c3,Tuberculosis,2017,2019,US$,102416537.00,102416537.00,Agreed,1/1/2018 12:00:00 AM,12/31/2020 12:00:00 AM
9ab5de6c-a574-4470-a30c-4b159f999dc4,d0e17d32-68e3-481a-9ca5-bac4e685c119,ID,ID,IDN,Indonesia,Country,6077f91a-b3fa-4307-946b-03935bab4bb0,Malaria,2017,2019,US$,53644906.00,53644906.00,Agreed,1/1/2018 12:00:00 AM,12/31/2020 12:00:00 AM
50f00687-1295-4d4c-af79-6a2db30b5b2a,d0e17d32-68e3-481a-9ca5-bac4e685c119,ID,ID,IDN,Indonesia,Country,d6adb260-7f63-4a94-8b4e-58b933baf76c,HIV/AIDS,2017,2019,US$,91934562.00,91934562.00,Agreed,1/1/2018 12:00:00 AM,12/31/2020 12:00:00 AM
45a88398-debb-4cdc-9b8d-6596e114d49f,0b4ea0b4-59bb-4357-94b1-bb0e8d1e57ed,AL,AL,ALB,Albania,Country,d6adb260-7f63-4a94-8b4e-58b933baf76c,HIV/AIDS,2017,2019,US$,1138134.00,1138134.00,Original,1/1/2020 12:00:00 AM,12/31/2022 12:00:00 AM
b97e1ec0-1244-48cd-b2cc-95c728ed2dfc,0b4ea0b4-59bb-4357-94b1-bb0e8d1e57ed,AL,AL,ALB,Albania,Country,7a7e3f22-e4d1-4f2a-b6a4-9f1b794429c3,Tuberculosis,2017,2019,US$,500000.00,500000.00,Original,1/1/2020 12:00:00 AM,12/31/2022 12:00:00 AM
324e62eb-489c-4e9d-a959-55d926539fd9,d7a14533-1ebf-45ef-b4a1-bcce46d6b5bd,XK,XK,QNA,Kosovo,Country,7a7e3f22-e4d1-4f2a-b6a4-9f1b794429c3,Tuberculosis,2017,2019,US$,1714198.18,1527522.00,Agreed,1/1/2019 12:00:00 AM,12/31/2021 12:00:00 AM
cf73ae6a-0db8-498a-82d0-c6a5ebc88428,d7a14533-1ebf-45ef-b4a1-bcce46d6b5bd,XK,XK,QNA,Kosovo,Country,d6adb260-7f63-4a94-8b4e-58b933baf76c,HIV/AIDS,2017,2019,US$,1769086.52,1576433.00,Agreed,1/1/2018 12:00:00 AM,12/31/2020 12:00:00 AM
9c761d35-8241-4d4d-a8ae-4db650a55429,f1b33974-aeec-4ab8-9519-bd3600122512,ZA,ZA,ZAF,South Africa,Country,d6adb260-7f63-4a94-8b4e-58b933baf76c,HIV/AIDS,2017,2019,US$,317721470.00,317721470.00,Original,4/1/2019 12:00:00 AM,3/31/2022 12:00:00 AM
04af5e35-947f-476a-8f3a-cbc4664af056,f1b33974-aeec-4ab8-9519-bd3600122512,ZA,ZA,ZAF,South Africa,Country,7a7e3f22-e4d1-4f2a-b6a4-9f1b794429c3,Tuberculosis,2017,2019,US$,35599651.00,35599651.00,Original,4/1/2019 12:00:00 AM,3/31/2022 12:00:00 AM
8320c1bf-04d5-475b-9362-0b16b396c2b0,eeec578f-3e14-400d-b4f8-bdd80de3cb6d,PA,PA,PAN,Panama,Country,d6adb260-7f63-4a94-8b4e-58b933baf76c,HIV/AIDS,2017,2019,US$,1779385.00,1779385.00,Original,1/1/2019 12:00:00 AM,12/31/2021 12:00:00 AM
ec72c842-67c8-433d-97b3-8ed6050fb058,eeec578f-3e14-400d-b4f8-bdd80de3cb6d,PA,PA,PAN,Panama,Country,7a7e3f22-e4d1-4f2a-b6a4-9f1b794429c3,Tuberculosis,2017,2019,US$,906507.00,906507.00,Original,1/1/2019 12:00:00 AM,12/31/2021 12:00:00 AM
f10deef1-b118-4a20-9274-ebeac9fa9e49,e32d1235-1bf9-46c7-af05-bf85a0873595,ME,ME,MNE,Montenegro,Country,d6adb260-7f63-4a94-8b4e-58b933baf76c,HIV/AIDS,2017,2019,US$,625000.56,556938.00,Agreed,,
187f8d9d-9cb5-4ec2-8149-5dcb55c77c31,38c052af-358f-4185-b3b6-c0d3ab4ede7d,NA,NA,NAM,Namibia,Country,d6adb260-7f63-4a94-8b4e-58b933baf76c,HIV/AIDS,2017,2019,US$,29406863.00,28859705.00,Agreed,1/1/2018 12:00:00 AM,12/31/2020 12:00:00 AM
2325f398-c004-4e03-8bb3-7e6fca0882ae,38c052af-358f-4185-b3b6-c0d3ab4ede7d,NA,NA,NAM,Namibia,Country,7a7e3f22-e4d1-4f2a-b6a4-9f1b794429c3,Tuberculosis,2017,2019,US$,5876588.00,5876588.00,Agreed,1/1/2018 12:00:00 AM,12/31/2020 12:00:00 AM
f307d0b8-4031-461c-aa48-bba8c47174bd,38c052af-358f-4185-b3b6-c0d3ab4ede7d,NA,NA,NAM,Namibia,Country,6077f91a-b3fa-4307-946b-03935bab4bb0,Malaria,2017,2019,US$,1823454.00,2370612.00,Agreed,1/1/2018 12:00:00 AM,12/31/2020 12:00:00 AM
9610a82b-c81d-469a-99b5-94bf172f1ef1,b3174ce7-b534-4296-bade-cea09beeeb04,ML,ML,MLI,Mali,Country,d6adb260-7f63-4a94-8b4e-58b933baf76c,HIV/AIDS,2017,2019,US$,51808127.03,45466222.00,Agreed,1/1/2018 12:00:00 AM,12/31/2020 12:00:00 AM
054fb513-48e3-4af7-add6-ec75d1d31a7c,b3174ce7-b534-4296-bade-cea09beeeb04,ML,ML,MLI,Mali,Country,7a7e3f22-e4d1-4f2a-b6a4-9f1b794429c3,Tuberculosis,2017,2019,US$,4854374.37,7500000.00,Agreed,1/1/2018 12:00:00 AM,12/31/2020 12:00:00 AM
6cf285be-31b4-4ef8-a202-f25e4b589e71,b3174ce7-b534-4296-bade-cea09beeeb04,ML,ML,MLI,Mali,Country,6077f91a-b3fa-4307-946b-03935bab4bb0,Malaria,2017,2019,US$,56000000.00,47427333.00,Agreed,1/1/2019 12:00:00 AM,12/31/2021 12:00:00 AM
b53bb8e7-6def-4422-97ed-55d7b1b7e7e8,b582c23d-697d-4370-a81b-d3dd72eab7c2,SZ,SZ,SWZ,Swaziland,Country,7a7e3f22-e4d1-4f2a-b6a4-9f1b794429c3,Tuberculosis,2017,2019,US$,11900000.00,11900000.00,Agreed,7/1/2018 12:00:00 AM,6/30/2021 12:00:00 AM
df0e95be-637b-4479-805e-671105dacd93,b582c23d-697d-4370-a81b-d3dd72eab7c2,SZ,SZ,SWZ,Swaziland,Country,d6adb260-7f63-4a94-8b4e-58b933baf76c,HIV/AIDS,2017,2019,US$,35310126.00,35310126.00,Agreed,10/1/2018 12:00:00 AM,9/30/2021 12:00:00 AM
7f38e456-265f-43e9-b2a1-c00df53dc7bb,b582c23d-697d-4370-a81b-d3dd72eab7c2,SZ,SZ,SWZ,Swaziland,Country,6077f91a-b3fa-4307-946b-03935bab4bb0,Malaria,2017,2019,US$,2581055.00,2581055.00,Agreed,1/1/2018 12:00:00 AM,12/31/2020 12:00:00 AM
2f9bd622-d288-4631-9349-1024fc60a449,9fa56c37-6f5d-4f04-a8ef-d41b4b7e1502,ST,ST,STP,Sao Tome and Principe,Country,6077f91a-b3fa-4307-946b-03935bab4bb0,Malaria,2017,2019,US$,3900000.00,3475290.00,Agreed,1/1/2018 12:00:00 AM,12/31/2020 12:00:00 AM
d7a42711-30dd-49c6-945d-709868103e08,9fa56c37-6f5d-4f04-a8ef-d41b4b7e1502,ST,ST,STP,Sao Tome and Principe,Country,7a7e3f22-e4d1-4f2a-b6a4-9f1b794429c3,Tuberculosis,2017,2019,US$,911176.07,811949.00,Agreed,1/1/2018 12:00:00 AM,12/31/2020 12:00:00 AM
75872089-3fc9-4541-9534-b8f38bef19d4,9fa56c37-6f5d-4f04-a8ef-d41b4b7e1502,ST,ST,STP,Sao Tome and Principe,Country,d6adb260-7f63-4a94-8b4e-58b933baf76c,HIV/AIDS,2017,2019,US$,899645.38,801674.00,Agreed,4/1/2018 12:00:00 AM,3/31/2021 12:00:00 AM
d6c44f28-2756-4741-84ad-86b312495f8d,4b856894-86ff-43b0-99bf-d7074ff6d634,EG,EG,EGY,Egypt,Country,7a7e3f22-e4d1-4f2a-b6a4-9f1b794429c3,Tuberculosis,2017,2019,US$,1558243.00,1558243.00,Original,,
d0f31bda-0210-4897-bbfc-997fe3f17ce3,4b856894-86ff-43b0-99bf-d7074ff6d634,EG,EG,EGY,Egypt,Country,d6adb260-7f63-4a94-8b4e-58b933baf76c,HIV/AIDS,2017,2019,US$,500093.00,500093.00,Original,,
edb26062-5a11-4f77-a9f6-2d0c81aa10a4,9e8b8568-adaa-4b26-af09-da5b112c51e7,UG,UG,UGA,Uganda,Country,6077f91a-b3fa-4307-946b-03935bab4bb0,Malaria,2017,2019,US$,188322878.00,186693747.00,Agreed,1/1/2018 12:00:00 AM,12/31/2020 12:00:00 AM
efbe8872-662b-454c-a5c6-ac9b39795e7d,9e8b8568-adaa-4b26-af09-da5b112c51e7,UG,UG,UGA,Uganda,Country,7a7e3f22-e4d1-4f2a-b6a4-9f1b794429c3,Tuberculosis,2017,2019,US$,21101922.00,22406578.00,Agreed,1/1/2018 12:00:00 AM,12/31/2020 12:00:00 AM
e3e5b36c-eaf6-402f-b620-db47aa2b6ac1,9e8b8568-adaa-4b26-af09-da5b112c51e7,UG,UG,UGA,Uganda,Country,d6adb260-7f63-4a94-8b4e-58b933baf76c,HIV/AIDS,2017,2019,US$,255632244.00,255956719.00,Agreed,1/1/2018 12:00:00 AM,12/31/2020 12:00:00 AM
5db333a4-c761-44c3-ad48-edf3bc6a400c,b64c29b4-0131-4f67-8c06-da720fc20e63,IR,IR,IRN,Iran (Islamic Republic),Country,d6adb260-7f63-4a94-8b4e-58b933baf76c,HIV/AIDS,2017,2019,US$,10687693.00,10687693.00,Agreed,4/1/2018 12:00:00 AM,3/31/2021 12:00:00 AM
3c477153-9363-431a-8f97-b65a588d7036,9e2e4c76-e3b7-480b-ba13-e1174183d95e,MD,MD,MDA,Moldova,Country,d6adb260-7f63-4a94-8b4e-58b933baf76c,HIV/AIDS,2017,2019,US$,8018088.88,7144919.00,Agreed,1/1/2018 12:00:00 AM,12/31/2020 12:00:00 AM
e4c3dc94-4f26-4c2d-bbb4-edc339946229,9e2e4c76-e3b7-480b-ba13-e1174183d95e,MD,MD,MDA,Moldova,Country,7a7e3f22-e4d1-4f2a-b6a4-9f1b794429c3,Tuberculosis,2017,2019,US$,9821346.65,8751802.00,Agreed,1/1/2018 12:00:00 AM,12/31/2020 12:00:00 AM
493ee95a-d31c-414d-b37c-8289826d6779,780f55f5-d8cd-4189-944e-e2b82dcc317b,CG,CG,COG,Congo,Country,6077f91a-b3fa-4307-946b-03935bab4bb0,Malaria,2017,2019,US$,14208223.54,12660948.00,Agreed,,
71748e9d-66bc-4ff9-99a8-89561a46b761,780f55f5-d8cd-4189-944e-e2b82dcc317b,CG,CG,COG,Congo,Country,d6adb260-7f63-4a94-8b4e-58b933baf76c,HIV/AIDS,2017,2019,US$,12950235.66,11539955.00,Agreed,1/1/2018 12:00:00 AM,12/31/2020 12:00:00 AM
01a15df8-c013-480b-aaf9-e7e228958f42,780f55f5-d8cd-4189-944e-e2b82dcc317b,CG,CG,COG,Congo,Country,7a7e3f22-e4d1-4f2a-b6a4-9f1b794429c3,Tuberculosis,2017,2019,US$,4165629.00,3711992.00,Agreed,1/1/2018 12:00:00 AM,12/31/2020 12:00:00 AM
47cb597a-61be-4230-b292-0c357c9bda09,778aa112-0067-4fe9-a0b4-e4bd72ef67de,NP,NP,NPL,Nepal,Country,7a7e3f22-e4d1-4f2a-b6a4-9f1b794429c3,Tuberculosis,2017,2019,US$,16138548.00,16138548.00,Agreed,3/16/2018 12:00:00 AM,3/15/2021 12:00:00 AM
ac695276-b8a9-4a77-b2ea-1582cc0f6029,778aa112-0067-4fe9-a0b4-e4bd72ef67de,NP,NP,NPL,Nepal,Country,6077f91a-b3fa-4307-946b-03935bab4bb0,Malaria,2017,2019,US$,4208547.00,4208547.00,Agreed,3/16/2018 12:00:00 AM,3/15/2021 12:00:00 AM
e9c17045-6e76-4d9e-847e-92f399bc6c2a,778aa112-0067-4fe9-a0b4-e4bd72ef67de,NP,NP,NPL,Nepal,Country,d6adb260-7f63-4a94-8b4e-58b933baf76c,HIV/AIDS,2017,2019,US$,21964144.00,21964144.00,Agreed,3/16/2018 12:00:00 AM,3/15/2021 12:00:00 AM
c1e15e1b-2ed4-4f62-8014-4050c0bda0a7,6e687023-6549-45be-ad92-e64151157471,GH,GH,GHA,Ghana,Country,7a7e3f22-e4d1-4f2a-b6a4-9f1b794429c3,Tuberculosis,2017,2019,US$,16012823.00,18156096.00,Agreed,1/1/2018 12:00:00 AM,12/31/2020 12:00:00 AM
c4dddb9a-2696-48cb-9846-599cffae67b1,6e687023-6549-45be-ad92-e64151157471,GH,GH,GHA,Ghana,Country,d6adb260-7f63-4a94-8b4e-58b933baf76c,HIV/AIDS,2017,2019,US$,66436395.00,65792327.00,Agreed,1/1/2018 12:00:00 AM,12/31/2020 12:00:00 AM
6f12e428-618f-4afb-b7f7-f35c790354c5,6e687023-6549-45be-ad92-e64151157471,GH,GH,GHA,Ghana,Country,6077f91a-b3fa-4307-946b-03935bab4bb0,Malaria,2017,2019,US$,111531421.00,110032216.00,Agreed,1/1/2018 12:00:00 AM,12/31/2020 12:00:00 AM
e9b071b4-07b9-4af5-afdd-4204ea4684c0,a4632d2c-dffa-495b-ae1d-e6cb5a19fdb5,JM,JM,JAM,Jamaica,Country,d6adb260-7f63-4a94-8b4e-58b933baf76c,HIV/AIDS,2017,2019,US$,9930638.00,9930638.00,Original,1/1/2019 12:00:00 AM,12/31/2021 12:00:00 AM
f076bf99-b0d2-4f31-ac2f-66b6cf33875b,c5cf823c-3aaf-4237-adff-e734cb741fa1,SV,SV,SLV,El Salvador,Country,d6adb260-7f63-4a94-8b4e-58b933baf76c,HIV/AIDS,2017,2019,US$,14481816.00,14481816.00,Agreed,1/1/2019 12:00:00 AM,12/31/2021 12:00:00 AM
46c04ca9-12dd-4d1e-883f-b3a09acad525,c5cf823c-3aaf-4237-adff-e734cb741fa1,SV,SV,SLV,El Salvador,Country,7a7e3f22-e4d1-4f2a-b6a4-9f1b794429c3,Tuberculosis,2017,2019,US$,4242741.00,4242741.00,Agreed,1/1/2019 12:00:00 AM,12/31/2021 12:00:00 AM
37d2b399-545d-4085-82d7-587899d201a0,d9728bba-df64-4ff5-9968-f195de080917,SL,SL,SLE,Sierra Leone,Country,d6adb260-7f63-4a94-8b4e-58b933baf76c,HIV/AIDS,2017,2019,US$,40265850.00,30000000.00,Agreed,1/1/2018 12:00:00 AM,12/31/2020 12:00:00 AM
697d9129-5ced-4f5b-9050-c2b3a8ecf887,d9728bba-df64-4ff5-9968-f195de080917,SL,SL,SLE,Sierra Leone,Country,6077f91a-b3fa-4307-946b-03935bab4bb0,Malaria,2017,2019,US$,43960771.00,35400000.00,Agreed,7/1/2018 12:00:00 AM,6/30/2021 12:00:00 AM
c476f569-c1f1-4b6f-9077-cc53844e0491,d9728bba-df64-4ff5-9968-f195de080917,SL,SL,SLE,Sierra Leone,Country,bb43fbf2-5897-40c5-aa85-4a5edff13fa0,RSSH,2017,2019,US$,0.00,17524651.00,Agreed,7/1/2018 12:00:00 AM,6/30/2021 12:00:00 AM
c869bf7c-f13d-481e-a58a-cd0768118b90,d9728bba-df64-4ff5-9968-f195de080917,SL,SL,SLE,Sierra Leone,Country,7a7e3f22-e4d1-4f2a-b6a4-9f1b794429c3,Tuberculosis,2017,2019,US$,6698030.00,8000000.00,Agreed,7/1/2018 12:00:00 AM,6/30/2021 12:00:00 AM
e191b5bc-a934-4342-b4c4-50a524e6032b,abd20e6f-1d8d-4fd0-964e-f429e276d3ac,CM,CM,CMR,Cameroon,Country,d6adb260-7f63-4a94-8b4e-58b933baf76c,HIV/AIDS,2017,2019,US$,99897386.38,89018561.00,Agreed,1/1/2018 12:00:00 AM,12/31/2020 12:00:00 AM
7140437b-f8be-47d9-bbf2-83924a5b7b0e,abd20e6f-1d8d-4fd0-964e-f429e276d3ac,CM,CM,CMR,Cameroon,Country,7a7e3f22-e4d1-4f2a-b6a4-9f1b794429c3,Tuberculosis,2017,2019,US$,11205425.88,9985155.00,Agreed,1/1/2018 12:00:00 AM,12/31/2020 12:00:00 AM
89d5421a-9be4-4225-a540-9cb57fa8082c,abd20e6f-1d8d-4fd0-964e-f429e276d3ac,CM,CM,CMR,Cameroon,Country,6077f91a-b3fa-4307-946b-03935bab4bb0,Malaria,2017,2019,US$,73453444.06,65454364.00,Agreed,1/1/2018 12:00:00 AM,12/31/2020 12:00:00 AM
a5b62eb5-b7f6-4c5a-aacc-3fc3cb6e9d2e,216dd399-f56a-4064-a4ac-f88cc982fde5,AM,AM,ARM,Armenia,Country,7a7e3f22-e4d1-4f2a-b6a4-9f1b794429c3,Tuberculosis,2017,2019,US$,3138925.00,3138925.00,Original,10/1/2018 12:00:00 AM,9/30/2021 12:00:00 AM
2f4295c4-1e5a-4784-b914-9725fc2f6baa,216dd399-f56a-4064-a4ac-f88cc982fde5,AM,AM,ARM,Armenia,Country,d6adb260-7f63-4a94-8b4e-58b933baf76c,HIV/AIDS,2017,2019,US$,5282781.00,5282781.00,Original,10/1/2018 12:00:00 AM,9/30/2021 12:00:00 AM
e49063ef-4a30-4673-b30a-66b9641e5b85,c34c5b40-98a0-4aa2-9501-f9290181a671,TN,TN,TUN,Tunisia,Country,d6adb260-7f63-4a94-8b4e-58b933baf76c,HIV/AIDS,2017,2019,US$,4060055.00,4060055.00,Original,1/1/2019 12:00:00 AM,12/31/2021 12:00:00 AM
e273446b-071e-4bcd-b992-954d0319c0f0,c357c367-5c94-4ccc-b849-fc4f61159000,SD,SD,SDN,Sudan,Country,6077f91a-b3fa-4307-946b-03935bab4bb0,Malaria,2017,2019,US$,98522995.00,83744545.80,Agreed,1/1/2018 12:00:00 AM,12/31/2020 12:00:00 AM
0f912435-ec68-443f-9946-a43e0e636469,c357c367-5c94-4ccc-b849-fc4f61159000,SD,SD,SDN,Sudan,Country,7a7e3f22-e4d1-4f2a-b6a4-9f1b794429c3,Tuberculosis,2017,2019,US$,12262049.00,12262049.00,Agreed,1/1/2018 12:00:00 AM,12/31/2020 12:00:00 AM
da45a6d3-c390-4ddc-a7f8-c7653bc47476,c357c367-5c94-4ccc-b849-fc4f61159000,SD,SD,SDN,Sudan,Country,d6adb260-7f63-4a94-8b4e-58b933baf76c,HIV/AIDS,2017,2019,US$,18839720.00,16578953.60,Agreed,1/1/2018 12:00:00 AM,12/31/2020 12:00:00 AM
7a4202cf-636b-41ae-9881-f59c446366cb,c357c367-5c94-4ccc-b849-fc4f61159000,SD,SD,SDN,Sudan,Country,bb43fbf2-5897-40c5-aa85-4a5edff13fa0,RSSH,2017,2019,US$,0.00,17039215.60,Agreed,,
e04e971c-b409-4846-a4cc-10515f6c49f3,4ccf2884-f37a-477f-9e3d-fcd8926fb15e,BI,BI,BDI,Burundi,Country,d6adb260-7f63-4a94-8b4e-58b933baf76c,HIV/AIDS,2017,2019,US$,29916039.00,29916039.00,Agreed,1/1/2018 12:00:00 AM,12/31/2020 12:00:00 AM
e459e45f-95cd-47e1-ba89-4d44284b36b8,4ccf2884-f37a-477f-9e3d-fcd8926fb15e,BI,BI,BDI,Burundi,Country,6077f91a-b3fa-4307-946b-03935bab4bb0,Malaria,2017,2019,US$,36656018.00,36656018.00,Agreed,1/1/2018 12:00:00 AM,12/31/2020 12:00:00 AM
510c5bb1-2d39-4d68-b84f-b4dac9599046,4ccf2884-f37a-477f-9e3d-fcd8926fb15e,BI,BI,BDI,Burundi,Country,7a7e3f22-e4d1-4f2a-b6a4-9f1b794429c3,Tuberculosis,2017,2019,US$,5728765.00,5728765.00,Agreed,1/1/2018 12:00:00 AM,12/31/2020 12:00:00 AM
68314e60-5784-431a-aac4-ee4e89f6fb7e,ba354972-1389-4a5d-a1b6-feb1c167b2e0,RO,RO,ROU,Romania,Country,7a7e3f22-e4d1-4f2a-b6a4-9f1b794429c3,Tuberculosis,2017,2019,US$,4548279.65,4052972.00,Original,4/1/2018 12:00:00 AM,3/31/2021 12:00:00 AM
1bb70e22-d4aa-40a2-b39c-2b73a9af3981,19a42508-b05c-4128-a2ed-ff5eea6af30d,TZ,TZ,TZA,Tanzania (United Republic),Country,6077f91a-b3fa-4307-946b-03935bab4bb0,Malaria,2017,2019,US$,145258808.00,145258808.00,Agreed,1/1/2018 12:00:00 AM,12/31/2020 12:00:00 AM
544f3818-27b0-4c0a-bdf4-5c6ca4ca5cfc,19a42508-b05c-4128-a2ed-ff5eea6af30d,TZ,TZ,TZA,Tanzania (United Republic),Country,7a7e3f22-e4d1-4f2a-b6a4-9f1b794429c3,Tuberculosis,2017,2019,US$,25849887.00,26539049.00,Agreed,1/1/2018 12:00:00 AM,12/31/2020 12:00:00 AM
1959f1bf-8768-432e-8b4e-69d182da7be2,19a42508-b05c-4128-a2ed-ff5eea6af30d,TZ,TZ,TZA,Tanzania (United Republic),Country,d6adb260-7f63-4a94-8b4e-58b933baf76c,HIV/AIDS,2017,2019,US$,408487081.00,364338372.00,Agreed,1/1/2018 12:00:00 AM,12/31/2020 12:00:00 AM
e51a1529-70f4-44ee-b479-d34ba47be906,19a42508-b05c-4128-a2ed-ff5eea6af30d,TZ,TZ,TZA,Tanzania (United Republic),Country,bb43fbf2-5897-40c5-aa85-4a5edff13fa0,RSSH,2017,2019,US$,0.00,43459547.00,Agreed,1/1/2018 12:00:00 AM,12/31/2020 12:00:00 AM

